step,ST Coal generation,CT Gas generation,Nuclear (Existing) generation,CT Oil generation,Combined Cycle (Existing) generation,ST Other generation,Internal Combustion generation,CT Other generation,ST Gas generation,IGCC generation,ST Oil generation,total generation,ST Coal cost,CT Gas cost,Nuclear (Existing) cost,CT Oil cost,Combined Cycle (Existing) cost,ST Other cost,Internal Combustion cost,CT Other cost,ST Gas cost,IGCC cost,ST Oil cost,total cost
1,175133.0,286.87,88108.6,0.0,18748.12,4281.4,440.31,76.53,3108.94,145.0,665.96,290994.73,9894798.02699,184117.870129,2018764.59328,17366.664429,1991774.29231,170903.620262,10388.8803851,3700.837395,934863.221799,9971.08334741,383020.499769,15619669.5901
2,170854.93,286.87,88108.6,0.0,16851.28,4258.18,427.51,71.98,3108.94,145.0,665.96,284779.25,4463880.92374,159614.964015,2018764.59328,17366.664429,1041351.5324,53725.0509526,8882.46851287,2885.83872499,286913.297231,7083.00234741,140868.942969,8201337.27861
3,169571.63,286.87,88108.6,0.0,14936.92,4258.19,427.51,71.98,3108.94,145.0,665.96,281581.6,4437680.75143,159614.964015,2018764.59328,17366.664429,945994.849759,53725.0897757,8882.46851287,2885.83872499,286913.297231,7083.00234741,140868.942969,8079780.46248
4,171315.03,286.87,88108.6,0.0,14367.27,4258.2,427.51,71.98,3108.94,145.0,665.96,282755.36,4475488.68055,159614.964015,2018764.59328,17366.664429,918009.423087,53725.0995722,8882.46851287,2885.83872499,286913.297231,7083.00234741,140868.942969,8089602.97472
5,177641.41,286.87,88108.6,0.0,14655.1,4258.15,427.51,71.98,3108.94,145.0,665.96,289369.52,4621746.11701,159614.964015,2018764.59328,17366.664429,931406.844811,53725.0462358,8882.46851287,2885.83872499,286913.297231,7083.00234741,140868.942969,8249257.77956
6,196096.96,286.87,88108.6,0.0,16067.73,4319.45,440.31,76.53,3108.94,405.0,665.96,309576.35,5159503.97126,159614.964015,2018764.59328,17366.664429,1001542.7975,53830.4443347,8926.43417613,2901.522174,286913.297231,16662.2893912,140868.942969,8866895.92077
7,212307.47,286.87,88108.6,0.0,20238.6,4319.48,444.69,76.53,3108.94,405.0,665.96,329962.14,5584922.30568,159614.964015,2018764.59328,17366.664429,1260257.3524,53830.6994298,8949.58363624,2901.522174,286913.297231,14370.7013912,140868.942969,9548760.62664
8,225561.26,286.86,88108.6,0.0,26457.83,4489.62,449.01,76.53,3108.93,405.0,665.96,349609.6,5870880.98373,159614.929546,2018764.59328,17366.664429,1514012.21052,57419.3178873,8964.42204759,2901.522174,286913.288886,14370.7013912,140868.942969,10092077.5769
9,224479.55,286.87,88108.6,0.0,27968.38,4551.92,449.01,76.52,3108.94,405.0,665.96,350100.75,5750278.52862,159614.964015,2018764.59328,17366.664429,1639031.0644,57284.1149049,8964.42204759,2901.50790257,286913.297231,14370.7013912,140868.942969,10096358.8012
10,224794.77,286.86,88108.6,0.0,27446.75,4572.8,449.01,76.52,3108.93,405.0,665.96,349915.2,5775950.83459,159614.929546,2018764.59328,17366.664429,1592826.61102,57491.6989144,8964.42204759,2901.50790257,286913.288886,14370.7013912,140868.942969,10076034.195
11,225320.12,286.86,88108.6,0.0,26926.17,4578.66,449.01,76.53,3108.94,405.0,665.96,349925.85,5765091.12996,159614.929546,2018764.59328,17366.664429,1543889.76714,57522.0388548,8964.42204759,2901.522174,286913.297231,14370.7013912,140868.942969,10016268.009
12,223500.75,286.87,88108.6,0.0,26885.46,4578.62,449.01,76.53,3108.93,405.0,665.96,348065.73,5714911.60856,159614.964015,2018764.59328,17366.664429,1603916.74571,57521.9945892,8964.42204759,2901.522174,286913.288886,14370.7013912,140868.942969,10026115.448
13,220443.44,286.87,88108.6,0.0,25767.49,4415.78,449.01,76.52,3108.94,405.0,665.96,343727.61,5641200.41861,159614.964015,2018764.59328,17366.664429,1493060.26357,55653.5712661,8964.42204759,2901.50790257,286913.297231,14370.7013912,140868.942969,9839679.34671
14,218015.05,286.86,88108.6,0.0,24707.24,4405.56,444.69,76.53,3108.94,405.0,665.96,340224.43,5580999.07925,159614.929546,2018764.59328,17366.664429,1468526.13979,55544.743175,8949.58363624,2901.522174,286913.297231,14370.7013912,140868.942969,9754820.19687
15,213579.39,286.87,88108.6,0.0,24518.7,4401.77,444.69,76.53,3108.93,405.0,665.96,335596.44,5476132.02021,159614.964015,2018764.59328,17366.664429,1467442.34617,55463.6865615,8949.58363624,2901.522174,286913.288886,14370.7013912,140868.942969,9648788.31372
16,212593.75,286.87,88108.6,0.0,25326.19,4401.77,444.69,76.53,3108.93,405.0,665.96,335418.29,5452581.92365,159614.964015,2018764.59328,17366.664429,1484810.07658,55463.6866824,8949.58363624,2901.522174,286913.288886,14370.7013912,140868.942969,9642605.9477
17,219555.26,298.66,88108.6,0.0,28897.53,4498.27,444.69,76.53,3108.94,405.0,665.96,346059.44,5634199.26186,160611.40877,2018764.59328,17366.664429,1683122.90185,57200.7142483,8949.58363624,2901.522174,286913.297231,14370.7013912,140868.942969,10025269.5918
18,230080.36,1196.26,88108.6,0.0,33543.89,4558.48,476.77,85.82,3108.93,405.0,858.64,362422.75,5917459.16546,226042.3088,2018764.59328,17366.664429,1934408.58804,57819.5352397,9821.14213707,2923.87291812,286913.288886,14370.7013912,156829.404712,10642719.2653
19,235548.78,299.16,88108.6,0.0,32790.29,4561.88,467.17,85.83,3108.94,405.0,665.96,366041.61,6062149.68284,160507.199616,2018764.59328,17366.664429,1844935.02271,57823.447908,9039.08530324,2923.88718954,286913.297231,14370.7013912,140868.942969,10615662.5249
20,234141.3,286.86,88108.6,0.0,31909.87,4561.89,455.41,78.71,3108.93,405.0,665.96,363722.53,6000746.78416,159614.929546,2018764.59328,17366.664429,1798146.35321,57823.4520201,8986.40487922,2904.65971041,286913.288886,14370.7013912,140868.942969,10506506.7745
21,231458.07,286.87,88108.6,0.0,30062.82,4551.93,451.09,76.52,3108.94,405.0,665.96,359175.8,5929822.72394,159614.964015,2018764.59328,17366.664429,1705690.23494,57284.1330466,8971.56646787,2901.50790257,286913.297231,14370.7013912,140868.942969,10342569.3296
22,223886.4,286.87,88108.6,0.0,26270.92,4401.78,444.69,76.53,3108.93,405.0,665.96,347655.68,5740471.71832,159614.964015,2018764.59328,17366.664429,1515392.95907,55463.6632192,8949.58363624,2901.522174,286913.288886,14370.7013912,140868.942969,9961078.60139
23,208577.72,286.86,88108.6,0.0,21185.76,4400.45,440.31,76.53,3108.93,405.0,665.96,327256.12,5372324.91909,159614.929546,2018764.59328,17366.664429,1259486.71755,55437.78009,8926.43417613,2901.522174,286913.288886,14370.7013912,140868.942969,9336976.49359
24,191516.27,286.87,88108.6,0.0,18892.52,4345.52,427.51,71.97,3108.94,275.0,665.96,307699.16,4971621.15552,159614.964015,2018764.59328,17366.664429,1143355.74166,55357.0364818,8882.46851287,2885.82445357,286913.297231,10726.9579062,140868.942969,8816357.64646
25,179412.11,286.86,88108.6,0.0,17018.54,4339.14,427.51,71.98,3108.94,275.0,665.96,293714.64,10465420.2303,184117.83566,2018764.59328,17366.664429,2065060.34509,173943.539039,10344.9147219,3685.15394599,934863.221799,15906.6269062,383020.499769,16272493.6249
26,179416.95,286.86,88108.6,0.0,15857.92,4317.92,427.51,71.97,3108.94,275.0,665.96,292537.63,4722145.99139,159614.929546,2018764.59328,17366.664429,994232.711479,55309.5032043,8882.46851287,2885.82445357,286913.297231,10726.9579062,140868.942969,8417711.8844
27,180872.34,286.86,88108.6,0.0,14398.65,4317.93,400.63,68.17,3108.94,275.0,665.96,292503.08,4756102.97822,159614.929546,2018764.59328,17366.664429,925121.299839,55309.5131218,8790.14062003,2880.26343575,286913.297231,10726.9579062,140868.942969,8382459.5806
28,182258.96,286.87,88108.6,0.0,14398.65,4276.46,400.63,68.17,3108.94,275.0,665.96,293848.24,4785792.47506,159614.964015,2018764.59328,17366.664429,925121.299839,55209.7004714,8790.14062003,2880.26343575,286913.297231,10726.9579062,140868.942969,8412049.29925
29,186912.53,286.87,88108.6,0.0,14412.75,4289.87,400.63,68.17,3108.94,275.0,665.96,298529.32,4884026.23907,159614.964015,2018764.59328,17366.664429,925128.632691,55179.7846503,8790.14062003,2880.26343575,286913.297231,10726.9579062,140868.942969,8510260.4803
30,205053.85,286.87,88108.6,0.0,14636.74,4323.54,427.51,71.97,3108.93,405.0,665.96,317088.97,5340194.77261,159614.964015,2018764.59328,17366.664429,946493.750299,55240.2452986,8882.46851287,2885.82445357,286913.288886,14370.7013912,140868.942969,8991596.21615
31,234966.25,286.86,88108.6,0.0,22995.51,4503.53,444.69,86.22,3108.94,405.0,665.96,355571.56,6087547.41811,159614.929546,2018764.59328,17366.664429,1384526.08318,57002.7075544,8949.58363624,3249.80810179,286913.297231,14370.7013912,140868.942969,10179174.7294
32,248373.97,286.86,88108.6,0.0,28030.78,4613.37,460.53,95.52,3108.94,405.0,665.96,374149.53,6453295.76207,159614.929546,2018764.59328,17366.664429,1562144.66216,57347.9079309,9003.99114453,3272.17311733,286913.297231,14370.7013912,140868.942969,10722963.6253
33,247673.48,286.87,88108.6,0.0,28768.04,4587.12,460.53,95.53,3108.93,405.0,665.96,374160.06,6385184.9442,159614.964015,2018764.59328,17366.664429,1593829.81921,57747.2242297,9003.99114453,3272.18738876,286913.288886,14370.7013912,140868.942969,10686937.3211
34,248019.94,286.87,88108.6,0.0,28401.01,4623.74,460.53,95.53,3108.93,405.0,665.96,374176.11,6386297.204,159614.964015,2018764.59328,17366.664429,1590925.15923,57892.9058429,9003.99114453,3272.18738876,286913.288886,14370.7013912,140868.942969,10685290.6026
35,247633.92,286.86,88108.6,0.0,27581.57,4617.32,460.53,95.52,3108.94,405.0,665.96,372964.22,6374022.35014,159614.929546,2018764.59328,17366.664429,1566870.60561,57884.2930382,9003.99114453,3272.17311733,286913.297231,14370.7013912,140868.942969,10648952.5419
36,244157.25,286.86,88108.6,0.0,27313.42,4611.1,460.53,95.52,3108.94,405.0,665.96,369213.18,6277686.22269,159614.929546,2018764.59328,17366.664429,1556652.91332,57877.1193258,9003.99114453,3272.17311733,286913.297231,14370.7013912,140868.942969,10542391.5484
37,239909.11,286.86,88108.6,0.0,26570.34,4587.15,460.53,95.52,3108.94,405.0,665.96,364198.01,6163870.2708,159614.929546,2018764.59328,17366.664429,1523087.30602,57747.2566428,9003.99114453,3272.17311733,286913.297231,14370.7013912,140868.942969,10394880.1266
38,236849.16,286.87,88108.6,0.0,25495.94,4587.13,460.53,85.82,3108.93,405.0,665.96,360053.94,6077061.16179,159614.964015,2018764.59328,17366.664429,1510162.72899,57747.2299141,9003.99114453,2923.87291812,286913.288886,14370.7013912,140868.942969,10294798.1397
39,233278.95,286.86,88108.6,0.0,24950.85,4515.56,449.01,76.52,3108.94,405.0,665.96,355846.25,5983884.90493,159614.929546,2018764.59328,17366.664429,1463440.14841,57242.7813519,8964.42204759,2901.50790257,286913.297231,14370.7013912,140868.942969,10154332.8935
40,231533.96,286.87,88108.6,0.0,25816.88,4505.36,444.69,76.53,3108.93,405.0,665.96,354952.78,5942367.43816,159614.964015,2018764.59328,17366.664429,1497586.16907,57133.946488,8949.58363624,2901.522174,286913.288886,14370.7013912,140868.942969,10146837.8145
41,236853.9,286.87,88108.6,0.0,29379.9,4551.9,449.01,76.52,3108.93,405.0,665.96,363886.59,6081287.63648,159614.964015,2018764.59328,17366.664429,1686750.22573,57284.0934978,8964.42204759,2901.50790257,286913.288886,14370.7013912,140868.942969,10475087.0406
42,243842.95,582.57,88108.6,0.0,32623.33,4622.11,467.17,99.8,3108.93,405.0,665.96,374526.42,6280337.36333,180487.857627,2018764.59328,17366.664429,1860210.14441,58195.4071767,9039.08530324,3278.28128705,286913.288886,14370.7013912,140868.942969,10869832.3301
43,245737.28,286.86,88108.6,0.0,32061.39,4601.1,467.17,99.8,3108.93,405.0,665.96,375542.09,6319214.96441,159614.929546,2018764.59328,17366.664429,1791620.27042,58036.4823306,9039.08530324,3278.28128705,286913.288886,14370.7013912,140868.942969,10819088.2042
44,245662.1,286.86,88108.61,0.0,31404.91,4553.9,472.45,95.52,3108.94,405.0,665.96,374764.25,6316287.32018,159614.929546,2018764.62751,17366.664429,1750773.59973,57330.5879965,9045.07833402,3272.17311733,286913.297231,14370.7013912,140868.942969,10774607.9224
45,244955.34,286.87,88108.6,0.0,31610.51,4541.69,456.21,95.52,3108.94,405.0,665.96,374234.64,6306789.2756,159614.964015,2018764.59328,17366.664429,1760365.03584,57175.5041743,8989.15273318,3272.17311733,286913.297231,14370.7013912,140868.942969,10774490.3048
46,241744.38,286.87,88108.6,0.0,26426.67,4537.84,444.69,86.22,3108.94,405.0,665.96,365815.17,6229149.99076,159614.964015,2018764.59328,17366.664429,1504618.81284,57094.1226808,8949.58363624,3249.80810179,286913.297231,14370.7013912,140868.942969,10440961.4813
47,230511.4,286.87,88108.6,0.0,20898.13,4411.25,444.69,76.52,3108.94,405.0,665.96,348917.36,5964954.6432,159614.964015,2018764.59328,17366.664429,1235089.79535,55454.3616712,8949.58363624,2901.50790257,286913.297231,14370.7013912,140868.942969,9905249.05508
48,219168.88,286.86,88108.6,0.0,18257.09,4447.58,444.69,76.53,3108.94,405.0,665.96,334970.13,5700382.66288,159614.929546,2018764.59328,17366.664429,1106975.01808,55495.6686165,8949.58363624,2901.522174,286913.297231,14370.7013912,140868.942969,9512603.58423
49,209267.49,286.87,88108.6,0.0,18669.11,4382.6,444.69,76.53,3108.94,405.0,665.96,325415.79,11363693.4352,184117.870129,2018764.59328,17366.664429,2159842.11224,174011.776549,10412.0298452,3700.837395,934863.221799,19550.3703912,383020.499769,17269343.411
50,210738.33,286.87,88108.6,0.0,17143.92,4430.38,444.69,76.53,3108.94,405.0,665.96,325409.22,5529756.86543,159614.964015,2018764.59328,17366.664429,1051523.84724,55454.3673556,8949.58363624,2901.522174,286913.297231,14370.7013912,140868.942969,9286485.34915
51,213169.32,286.86,88108.6,0.0,14710.2,4443.82,440.31,76.52,3108.94,405.0,665.96,325415.53,5607423.55294,159614.929546,2018764.59328,17366.664429,934879.413665,55470.5392986,8926.43417613,2901.50790257,286913.297231,14370.7013912,140868.942969,9247500.57683
52,217653.36,286.87,88108.6,0.0,14814.92,4451.6,444.69,76.52,3108.93,405.0,665.96,330016.45,5744008.27253,159614.964015,2018764.59328,17366.664429,947858.844055,55421.6109288,8949.58363624,2901.50790257,286913.288886,14370.7013912,140868.942969,9397038.97402
53,220617.69,286.86,88108.6,0.0,17175.37,4439.51,444.69,76.53,3108.93,405.0,665.96,335329.14,5808470.19643,159614.929546,2018764.59328,17366.664429,1102621.97129,55359.1520265,8949.58363624,2901.522174,286913.288886,14370.7013912,140868.942969,9616201.54606
54,231027.32,286.87,88108.6,0.0,24556.04,4440.48,444.69,76.52,3108.94,405.0,665.96,353120.42,6031074.05346,159614.964015,2018764.59328,17366.664429,1502393.49989,55222.1782664,8949.58363624,2901.50790257,286913.297231,14370.7013912,140868.942969,10238439.9865
55,243382.04,286.86,88108.6,0.0,35051.33,4517.3,444.69,86.22,3490.73,405.0,665.96,376438.73,6295648.89382,159614.929546,2018764.59328,17366.664429,1942191.7049,56776.7658762,8949.58363624,3249.80810179,308647.427576,14370.7013912,140868.942969,10966450.0155
56,252394.93,286.87,88108.6,0.0,35046.97,4593.04,456.21,85.83,3926.52,405.0,665.96,385969.93,6499226.10307,159614.964015,2018764.59328,17366.664429,1896033.58162,57177.6321652,8989.15273318,2923.88718954,333988.288114,14370.7013912,140868.942969,11149324.511
57,255533.45,286.87,88108.6,0.0,33149.46,4639.65,468.13,95.52,3108.94,405.0,665.96,386461.58,6596678.30907,159614.964015,2018764.59328,17366.664429,1793751.15966,57424.4695395,9030.23992267,3272.17311733,286913.297231,14370.7013912,140868.942969,11098055.5146
58,254604.58,286.86,88108.6,0.0,31392.25,4637.62,468.13,95.52,3108.93,405.0,665.96,383773.45,6577319.35978,159614.929546,2018764.59328,17366.664429,1714155.69578,57377.9481912,9030.23992267,3272.17311733,286913.288886,14370.7013912,140868.942969,10999054.5373
59,253367.0,286.86,88108.6,0.0,28996.0,4619.56,472.45,95.53,3108.94,405.0,665.96,380125.9,6546057.84986,159614.929546,2018764.59328,17366.664429,1606375.99559,57354.7964331,9045.07833402,3272.18738876,286913.297231,14370.7013912,140868.942969,10860005.0365
60,249992.99,286.86,88108.6,0.0,28739.47,4613.35,456.21,95.53,3108.94,405.0,665.96,376472.91,6443127.90675,159614.929546,2018764.59328,17366.664429,1614447.65641,57347.8848305,8989.15273318,3272.18738876,286913.297231,14370.7013912,140868.942969,10765083.917
61,249937.42,286.87,88108.6,0.0,28842.84,4573.4,456.21,95.52,3108.94,405.0,665.96,376480.76,6445709.31649,159614.964015,2018764.59328,17366.664429,1709802.74544,57210.3117924,8989.15273318,3272.17311733,286913.297231,14370.7013912,140868.942969,10862882.8629
62,249844.94,286.87,88108.6,0.0,28917.62,4591.48,456.21,95.52,3108.94,405.0,665.96,376481.14,6444570.16998,159614.964015,2018764.59328,17366.664429,1660055.73735,57233.4895535,8989.15273318,3272.17311733,286913.297231,14370.7013912,140868.942969,10812019.886
63,246216.4,286.87,88108.6,0.0,28445.16,4573.44,451.09,76.52,3108.94,405.0,665.96,372337.98,6344848.81386,159614.964015,2018764.59328,17366.664429,1623791.98288,57210.3588397,8971.56646787,2901.50790257,286913.297231,14370.7013912,140868.942969,10675623.3933
64,244309.45,286.87,88108.6,0.0,28842.47,4569.64,451.09,76.52,3108.94,405.0,665.96,370824.54,6296483.24963,159614.964015,2018764.59328,17366.664429,1644639.11336,57129.2868663,8971.56646787,2901.50790257,286913.297231,14370.7013912,140868.942969,10648023.8875
65,247370.61,286.86,88108.6,0.0,31391.54,4591.48,456.21,95.53,3108.94,405.0,665.96,376480.73,6382641.53942,159614.929546,2018764.59328,17366.664429,1787640.61997,57233.4907629,8989.15273318,3272.18738876,286913.297231,14370.7013912,140868.942969,10877676.1191
66,250979.52,286.87,88108.6,0.0,34727.19,4622.64,486.99,85.83,3108.94,405.0,665.96,383477.54,6479538.3253,159614.964015,2018764.59328,17366.664429,1937934.16675,57549.9719227,9129.16701899,2923.88718954,286913.297231,14370.7013912,140868.942969,11124974.6815
67,256516.86,286.87,88108.6,0.0,36911.83,4774.37,486.99,107.6,3108.93,405.0,665.96,391373.01,6615224.36036,159614.964015,2018764.59328,17366.664429,2015753.80381,58149.4892998,9129.16701899,3289.50733476,286913.288886,14370.7013912,140868.942969,11339445.4828
68,255711.43,286.87,88108.6,0.0,35552.37,4710.27,486.99,107.6,3108.94,405.0,665.96,389144.03,6603417.81876,159614.964015,2018764.59328,17366.664429,1927346.03309,57853.5028372,9129.16701899,3289.50733476,286913.297231,14370.7013912,140868.942969,11238935.1924
69,253470.05,286.87,88108.6,0.0,32121.49,4631.09,456.21,95.52,3108.93,405.0,665.96,383349.72,6552875.10288,159614.964015,2018764.59328,17366.664429,1752011.56002,57352.4388427,8989.15273318,3272.17311733,286913.288886,14370.7013912,140868.942969,11012399.5826
70,250354.49,420.37,88108.6,0.0,28203.21,4623.6,451.09,86.22,3108.94,405.0,665.96,376427.48,6479017.81386,182576.217979,2018764.59328,17366.664429,1564778.35694,57187.7589252,8971.56646787,3249.80810179,286913.297231,14370.7013912,140868.942969,10774065.7216
71,245545.05,420.36,88108.6,0.0,25919.59,4533.29,444.69,86.23,3108.93,405.0,665.96,369237.7,6367699.2783,169993.755122,2018764.59328,17366.664429,1462705.35527,55589.5004514,8949.58363624,3249.82237321,286913.288886,14370.7013912,140868.942969,10546471.4861
72,237092.01,420.36,88108.6,0.0,22894.79,4533.29,444.69,86.22,3108.94,405.0,665.96,357759.86,6179075.22247,169993.755122,2018764.59328,17366.664429,1357436.68117,55589.5025074,8949.58363624,3249.80810179,286913.297231,14370.7013912,140868.942969,10252578.7523
73,219707.36,286.87,88108.6,0.0,22619.37,4443.8,444.69,76.52,3108.94,405.0,665.96,339867.11,11709798.7841,184117.870129,2018764.59328,17366.664429,2532911.74954,174081.714488,10412.0298452,3700.82312357,934863.221799,19550.3703912,383020.499769,17988588.3209
74,213764.14,286.86,88108.6,0.0,23294.9,4430.4,444.69,76.53,3108.94,405.0,665.96,334586.02,5620989.15637,159614.929546,2018764.59328,17366.664429,1356852.68074,55454.3893675,8949.58363624,2901.522174,286913.297231,14370.7013912,140868.942969,9683046.46114
75,212876.81,286.86,88108.6,0.0,22788.85,4443.8,440.31,76.52,3108.94,405.0,665.96,333201.65,5608100.40729,159614.929546,2018764.59328,17366.664429,1330470.67047,55470.5198265,8926.43417613,2901.50790257,286913.297231,14370.7013912,140868.942969,9643768.66852
76,214628.54,286.86,88108.6,0.0,22566.59,4443.82,440.31,76.53,3108.93,405.0,665.96,334731.14,5659336.41049,159614.929546,2018764.59328,17366.664429,1319815.07862,55470.5407499,8926.43417613,2901.522174,286913.288886,14370.7013912,140868.942969,9684349.10671
77,222214.69,420.36,88108.6,0.0,21189.37,4485.96,444.69,76.53,3108.93,405.0,665.96,341120.09,5864932.7125,182576.18351,2018764.59328,17366.664429,1257389.72084,55513.085197,8949.58363624,2901.522174,286913.288886,14370.7013912,140868.942969,9850546.99881
78,232593.28,820.87,88108.6,0.0,27706.74,4524.19,444.69,76.52,3108.93,405.0,665.96,358454.78,6088605.98512,201130.266319,2018764.59328,17366.664429,1565521.23016,55575.5213491,8949.58363624,2901.50790257,286913.288886,14370.7013912,140868.942969,10400968.2854
79,246141.02,420.36,88108.6,0.0,32465.5,4606.53,444.69,76.52,3108.93,405.0,665.96,376443.11,6385712.7961,169993.755122,2018764.59328,17366.664429,1788610.41409,56883.3428491,8949.58363624,2901.50790257,286913.288886,14370.7013912,140868.942969,10891335.5907
80,251659.8,286.87,88108.6,0.0,35511.74,4623.59,451.09,76.52,3108.94,405.0,665.96,384898.11,6505994.07712,159614.964015,2018764.59328,17366.664429,1925195.84405,57188.0019259,8971.56646787,2901.50790257,286913.297231,14370.7013912,140868.942969,11138150.1608
81,251122.69,286.86,88108.6,0.0,35755.89,4623.63,451.09,81.32,3145.74,405.0,665.96,384646.78,6494773.8529,159614.929546,2018764.59328,17366.664429,1931713.1381,57188.0792093,8971.56646787,2908.41623963,296471.923393,14370.7013912,140868.942969,11143012.8079
82,249617.97,286.86,88108.6,0.0,34081.36,4605.52,451.09,86.22,3145.74,405.0,665.96,381454.32,6449733.16164,159614.929546,2018764.59328,17366.664429,1858621.4787,57164.8418227,8971.56646787,3249.80810179,289506.328398,14370.7013912,140868.942969,11018233.0167
83,247136.2,286.86,88108.6,0.0,32775.2,4603.11,456.21,95.52,3145.74,405.0,665.96,377678.4,6374521.07447,159614.929546,2018764.59328,17366.664429,1807535.25426,57239.0005004,8989.15273318,3272.17311733,289506.328398,14370.7013912,140868.942969,10892048.8151
84,244972.65,286.86,88108.6,0.0,33789.82,4547.89,451.09,86.23,3166.03,405.0,665.96,376480.13,6315285.94587,159614.929546,2018764.59328,17366.664429,1892692.43465,57182.166729,8971.56646787,3249.82237321,294912.558614,14370.7013912,140868.942969,10923280.3263
85,245120.94,286.87,88108.6,0.0,33506.58,4569.62,451.09,86.22,3197.24,405.0,748.16,376480.32,6323574.35117,159614.964015,2018764.59328,17366.664429,1904088.48398,57129.2382467,8971.56646787,3249.80810179,297798.709047,14370.7013912,167087.527303,10972016.6074
86,244559.17,286.86,88108.6,0.0,33878.45,4569.61,451.09,86.22,3227.15,405.0,748.16,376320.31,6305673.84996,159614.929546,2018764.59328,17366.664429,1935898.06784,57129.2340136,8971.56646787,3249.80810179,295502.214027,14370.7013912,147255.179503,10963796.8086
87,240473.14,286.86,88108.6,0.0,33676.51,4563.39,451.09,76.52,3304.72,405.0,748.16,372093.99,6195491.48802,159614.929546,2018764.59328,17366.664429,1901135.88789,57122.3063255,8971.56646787,2901.50790257,301263.921099,14370.7013912,147255.179503,10824258.7459
88,238837.9,286.86,88108.6,12.5,34434.6,4563.41,444.69,76.53,3369.57,405.0,748.16,371287.82,6157579.49068,159614.929546,2018764.59328,19591.0208273,1933346.07138,57122.3548241,8949.58363624,2901.522174,306273.845081,14370.7013912,147255.179503,10825769.2923
89,242015.18,302.8,88108.6,12.5,36317.56,4563.38,444.69,76.52,3408.22,405.0,830.36,376484.81,6244491.51582,160667.541981,2018764.59328,19081.4208273,2049389.11024,57122.296529,8949.58363624,2901.50790257,309386.199899,14370.7013912,173473.763838,11058598.2354
90,245823.03,286.86,88108.6,0.0,38846.07,4579.42,456.51,85.83,3189.33,405.0,830.36,382611.01,6330541.16417,159614.929546,2018764.59328,17366.664429,2150274.02552,57358.4844958,8990.18317841,2923.88718954,292834.543274,14370.7013912,153641.416038,11206680.5925
91,251759.92,286.86,88108.6,0.0,40741.99,4658.54,480.35,95.53,3189.34,405.0,830.36,390556.49,6492996.70539,159614.929546,2018764.59328,17366.664429,2225003.0646,57585.3123003,9094.07286028,3272.18738876,292834.551619,14370.7013912,153641.416038,11444544.1988
92,250637.4,286.86,88108.6,0.0,39624.94,4613.05,456.21,95.53,3169.03,405.0,830.36,388226.98,6467587.22311,159614.929546,2018764.59328,17366.664429,2157551.0955,57329.8035639,8989.15273318,3272.18738876,291266.48971,14370.7013912,153641.416038,11349754.2567
93,247725.09,286.87,88108.6,0.0,37186.74,4605.56,451.09,86.22,3145.74,405.0,830.36,382831.27,6396355.66833,159614.964015,2018764.59328,17366.664429,2023420.76591,57164.8813714,8971.56646787,3249.80810179,289506.328398,14370.7013912,153641.416038,11142427.3577
94,242900.61,286.86,88108.6,0.0,35628.87,4588.95,451.09,86.22,3145.74,405.0,830.36,376432.3,6275398.48533,159614.929546,2018764.59328,17366.664429,1947514.81862,57122.8332905,8971.56646787,3249.80810179,289506.328398,14370.7013912,153641.416038,10945522.1449
95,237955.64,286.87,88108.6,0.0,29846.17,4473.09,444.69,86.22,3145.73,405.0,748.16,365500.17,6163083.83422,159614.964015,2018764.59328,17366.664429,1677370.25446,55523.8335148,8949.58363624,3249.80810179,289506.320053,14370.7013912,147255.179503,10555055.7366
96,227264.28,286.86,88108.6,0.0,25428.67,4460.99,444.69,76.52,3145.73,405.0,748.16,350369.5,5920183.30369,159614.929546,2018764.59328,17366.664429,1470612.22905,55511.8102024,8949.58363624,2901.50790257,289506.320053,14370.7013912,147255.179503,10105036.8227
97,207697.46,286.86,88108.6,0.0,23353.6,4377.54,444.69,76.52,3145.74,405.0,748.16,328644.17,11346876.7893,184117.83566,2018764.59328,17366.664429,2555404.24933,174005.297201,10412.0298452,3700.82312357,944421.847961,19550.3703912,409239.084103,17683859.5846
98,198730.84,286.87,88108.6,0.0,21758.06,4341.13,440.31,76.52,3145.74,275.0,748.16,317911.23,5231259.51041,159614.964015,2018764.59328,17366.664429,1287507.32087,55346.5520644,8926.43417613,2901.50790257,289506.328398,10726.9579062,147255.179503,9229176.01296
99,194697.69,286.87,88108.6,0.0,19345.13,4341.12,440.31,76.52,3145.74,275.0,665.96,311382.94,5134193.22293,159614.964015,2018764.59328,17366.664429,1167260.54327,55346.5422679,8926.43417613,2901.50790257,289506.328398,10726.9579062,140868.942969,9005476.70155
100,194295.55,286.86,88108.6,0.0,20123.44,4341.12,440.31,76.52,3145.74,275.0,665.96,311759.1,5123888.14709,159614.929546,2018764.59328,17366.664429,1206558.53466,55346.5422679,8926.43417613,2901.50790257,289506.328398,10726.9579062,140868.942969,9034469.58263
101,204087.09,286.86,88108.6,0.0,19651.39,4413.87,444.69,76.52,3145.74,275.0,665.96,321155.72,5360921.16609,159614.929546,2018764.59328,17366.664429,1183086.18451,55435.1460447,8949.58363624,2901.50790257,289506.328398,10726.9579062,140868.942969,9248142.00472
102,224526.36,286.87,88108.6,0.0,20191.65,4485.97,444.69,76.52,3145.73,405.0,665.96,342337.35,5883324.70934,159614.964015,2018764.59328,17366.664429,1224625.85261,55513.1236572,8949.58363624,2901.50790257,289506.320053,14370.7013912,140868.942969,9815806.96328
103,244131.96,286.86,88108.6,0.0,26469.55,4533.29,444.69,86.22,3145.73,405.0,665.96,368277.86,6331614.96097,159614.929546,2018764.59328,17366.664429,1495939.00976,55589.2487427,8949.58363624,3249.80810179,289506.320053,14370.7013912,140868.942969,10535834.7629
104,248504.39,286.87,88108.6,0.0,30177.57,4605.54,451.09,86.23,3145.73,405.0,665.96,376436.98,6414154.25764,159614.964015,2018764.59328,17366.664429,1689645.97812,57164.8635926,8971.56646787,3249.82237321,289506.320053,14370.7013912,140868.942969,10813678.6743
105,246112.76,286.87,88108.6,0.0,32601.71,4599.33,451.09,76.52,3145.73,405.0,665.96,376453.57,6335916.86624,159614.964015,2018764.59328,17366.664429,1816055.75981,57157.978235,8971.56646787,2901.50790257,289506.320053,14370.7013912,140868.942969,10861495.8648
106,246025.94,286.87,88108.6,0.0,32693.41,4569.64,451.09,76.52,3186.41,405.0,665.96,376469.44,6330392.94692,159614.964015,2018764.59328,17366.664429,1840946.52366,57129.2868663,8971.56646787,2901.50790257,292381.860506,14370.7013912,140868.942969,10883709.5584
107,246371.73,286.87,88108.6,0.0,32243.8,4587.67,451.09,76.53,3189.34,405.0,748.16,376468.79,6334220.13517,159614.964015,2018764.59328,17366.664429,1812698.41778,57152.1187031,8971.56646787,2901.522174,301079.541613,14370.7013912,167087.527303,10894227.7523
108,243859.87,286.87,88108.6,0.0,33492.8,4569.61,451.09,76.53,3255.54,405.0,748.16,375254.07,6258415.29167,159614.964015,2018764.59328,17366.664429,1928509.72398,57129.2272407,8971.56646787,2901.522174,297572.804851,14370.7013912,147255.179503,10910872.239
109,239403.53,286.86,88108.6,0.0,31944.72,4563.42,451.09,76.52,3238.68,405.0,748.16,369226.58,6136400.86104,159614.929546,2018764.59328,17366.664429,1845931.05028,57122.3729658,8971.56646787,2901.50790257,296343.140839,14370.7013912,147255.179503,10705042.5677
110,235951.96,286.87,88108.6,0.0,30670.75,4563.43,451.09,76.53,3189.33,405.0,748.16,364451.72,6039538.83103,159614.964015,2018764.59328,17366.664429,1760424.0711,57122.3539775,8971.56646787,2901.522174,292834.543274,14370.7013912,147255.179503,10519164.9906
111,231629.29,286.87,88108.6,0.0,29876.42,4544.12,451.09,76.53,3189.33,405.0,748.16,359315.41,5931453.61814,159614.964015,2018764.59328,17366.664429,1723113.58728,57101.1413191,8971.56646787,2901.522174,292834.543274,14370.7013912,147255.179503,10373748.0813
112,229725.44,298.66,88108.6,0.0,30726.82,4537.89,444.69,76.52,3189.34,405.0,748.16,358261.12,5887191.77525,160611.40877,2018764.59328,17366.664429,1770256.6338,57094.206979,8949.58363624,2901.50790257,292834.551619,14370.7013912,147255.179503,10377596.8066
113,235525.32,654.66,88108.6,30.24,34029.58,4563.4,451.09,76.52,3429.94,405.0,748.16,368022.51,6033636.98206,188157.037198,2018764.59328,22024.6031079,1973386.11864,57122.0931981,8971.56646787,2901.50790257,311179.696317,14370.7013912,147255.179503,10777770.0791
114,241292.61,607.56,88108.6,0.0,36842.55,4577.44,472.45,85.82,3304.62,405.0,748.16,376444.81,6174803.54302,181782.822268,2018764.59328,17366.664429,2096367.42687,57312.2718209,9045.07833402,2923.87291812,301255.61963,14370.7013912,147255.179503,11021247.7735
115,246092.39,286.86,88108.6,0.0,36979.32,4598.79,472.45,85.82,3169.03,405.0,748.16,380946.42,6309145.81277,159614.929546,2018764.59328,17366.664429,2058417.60833,57383.1506207,9045.07833402,2923.87291812,291266.48971,14370.7013912,147255.179503,11085554.0808
116,244151.21,286.86,88108.6,0.0,35647.63,4567.21,456.21,85.82,3169.04,405.0,748.16,377625.74,6260752.93587,159614.929546,2018764.59328,17366.664429,1982866.94096,57203.430184,8989.15273318,2923.87291812,291266.498055,14370.7013912,147255.179503,10961374.8989
117,243696.21,286.87,88108.6,0.0,34906.99,4563.36,451.09,76.52,3255.13,405.0,665.96,376415.73,6260555.62108,159614.964015,2018764.59328,17366.664429,1943896.93849,57122.0125282,8971.56646787,2901.50790257,297485.793699,14370.7013912,140868.942969,10921919.3063
118,242447.33,286.87,88108.6,0.0,32908.73,4604.23,451.09,76.52,3336.62,405.0,665.96,373290.95,6240774.09812,159614.964015,2018764.59328,17366.664429,1846904.98435,57138.7339554,8971.56646787,2901.50790257,303759.37959,14370.7013912,140868.942969,10811436.1365
119,229229.48,286.87,88108.6,0.0,27934.13,4436.8,444.69,76.52,3169.03,405.0,665.96,354757.08,5909934.22186,159614.964015,2018764.59328,17366.664429,1598970.84867,55479.1020324,8949.58363624,2901.50790257,291266.48971,14370.7013912,140868.942969,10218487.6199
120,212777.41,286.87,88108.6,0.0,23644.78,4400.45,444.69,76.52,3169.04,405.0,665.96,333979.32,5524461.92079,159614.964015,2018764.59328,17366.664429,1392922.85855,55437.8076653,8949.58363624,2901.50790257,291266.498055,14370.7013912,140868.942969,9626926.04269
121,205881.68,286.86,88108.6,0.0,24487.03,4362.33,444.69,76.53,3169.04,275.0,665.96,327757.72,11210272.4036,184117.83566,2018764.59328,17366.664429,2537188.73035,173980.826062,10412.0298452,3700.837395,950588.822615,15906.6269062,383020.499769,17505319.8699
122,199854.01,286.86,88108.6,0.0,23775.15,4362.35,444.69,76.53,3169.04,275.0,665.96,321018.19,5245500.28843,159614.929546,2018764.59328,17366.664429,1402171.5847,55369.3934795,8949.58363624,2901.522174,291266.498055,10726.9579062,140868.942969,9353500.95861
123,198778.93,286.87,88108.6,0.0,22581.04,4341.12,444.69,76.52,3169.04,275.0,665.96,318727.77,5225205.52822,159614.964015,2018764.59328,17366.664429,1338934.35008,55346.2836655,8949.58363624,2901.50790257,291266.498055,10726.9579062,140868.942969,9269945.87417
124,201016.09,286.86,88108.6,0.0,22158.39,4377.44,444.69,76.53,3169.04,275.0,665.96,320578.6,5288783.23455,159614.929546,2018764.59328,17366.664429,1318205.59575,55387.8336114,8949.58363624,2901.522174,291266.498055,10726.9579062,140868.942969,9312836.35591
125,205267.28,286.87,88108.6,0.0,22112.94,4404.17,444.69,76.52,3169.04,275.0,665.96,324811.07,5391185.66658,159614.964015,2018764.59328,17366.664429,1330045.28602,55426.018743,8949.58363624,2901.50790257,291266.498055,10726.9579062,140868.942969,9427116.68353
126,214542.07,286.87,88108.6,0.0,21448.61,4492.54,444.69,76.52,3169.03,405.0,665.96,333639.89,5621046.92481,159614.964015,2018764.59328,17366.664429,1277134.87405,55523.4626996,8949.58363624,2901.50790257,291266.48971,14370.7013912,140868.942969,9607808.7089
127,216829.76,286.86,88108.6,0.0,19515.0,4430.39,444.69,76.52,3169.04,405.0,665.96,333931.82,5658279.86423,159614.929546,2018764.59328,17366.664429,1181412.60328,55454.3781197,8949.58363624,2901.50790257,291266.498055,14370.7013912,140868.942969,9549250.26684
128,230047.85,286.86,88108.6,0.0,21768.37,4515.25,444.69,76.52,3169.04,405.0,665.96,349488.14,5982782.93491,159614.929546,2018764.59328,17366.664429,1289260.3853,55566.375543,8949.58363624,2901.50790257,291266.498055,14370.7013912,140868.942969,9981713.11696
129,239134.98,286.86,88108.6,0.0,27248.98,4533.29,444.69,76.53,3343.11,405.0,665.96,364248.0,6213725.49365,159614.929546,2018764.59328,17366.664429,1556559.8315,55589.2429374,8949.58363624,2901.522174,308036.285228,14370.7013912,140868.942969,10496747.7907
130,241240.01,286.86,88108.6,0.0,31499.67,4533.31,444.69,76.53,3429.94,405.0,810.09,370834.7,6261804.00765,159614.929546,2018764.59328,17366.664429,1789346.79347,55589.54895,8949.58363624,2901.522174,311179.696317,14370.7013912,171898.958308,10811786.9992
131,239653.06,286.86,88108.6,0.0,31938.67,4533.3,444.69,76.52,3420.49,405.0,748.16,369615.35,6204502.02219,159614.929546,2018764.59328,17366.664429,1800992.43339,55589.5170208,8949.58363624,2901.50790257,310397.818403,14370.7013912,147255.179503,10740704.9507
132,233979.52,286.87,88108.6,0.0,31525.24,4479.34,444.69,76.53,3369.52,405.0,748.16,363423.47,6041075.32351,159614.964015,2018764.59328,17366.664429,1785853.52046,55530.793495,8949.58363624,2901.522174,306269.84552,14370.7013912,147255.179503,10557952.6914
133,225819.29,286.86,88108.6,0.0,29836.72,4462.3,444.69,76.52,3189.33,405.0,748.16,353377.47,5825969.43902,159614.929546,2018764.59328,17366.664429,1704826.09476,55507.2325825,8949.58363624,2901.50790257,292834.543274,14370.7013912,147255.179503,10248360.4693
134,217662.76,286.87,88108.6,0.0,29864.68,4436.79,444.69,76.53,3189.33,405.0,748.16,345223.41,5620425.72335,159614.964015,2018764.59328,17366.664429,1776735.80748,55479.0938082,8949.58363624,2901.522174,292834.543274,14370.7013912,147255.179503,10114698.3763
135,211268.95,286.86,88108.6,0.0,28574.55,4400.45,444.69,76.52,3189.34,405.0,748.16,337503.12,5469142.70675,159614.929546,2018764.59328,17366.664429,1655269.11285,55437.8076653,8949.58363624,2901.50790257,292834.551619,14370.7013912,147255.179503,9841907.33858
136,209408.1,286.86,88108.6,0.0,28455.91,4400.43,444.69,76.52,3189.34,405.0,748.16,335523.61,5426276.33591,159614.929546,2018764.59328,17366.664429,1650635.78815,55437.786621,8949.58363624,2901.50790257,292834.551619,14370.7013912,147255.179503,9794407.62199
137,216799.33,298.67,88108.6,0.0,31894.24,4436.8,444.69,76.53,3311.85,405.0,748.16,346523.87,5598029.05852,160611.443239,2018764.59328,17366.664429,1878997.91541,55479.3608767,8949.58363624,2901.522174,301801.80103,14370.7013912,147255.179503,10204527.8235
138,234764.75,771.19,88108.6,0.0,36198.32,4576.88,444.69,76.53,3429.93,405.0,1050.77,369826.66,6056231.404,196773.908915,2018764.59328,17366.664429,2074633.7558,57135.8040695,8949.58363624,2901.522174,311179.687972,14370.7013912,171585.510564,10929893.1362
139,240304.18,306.67,88108.6,0.0,38395.59,4611.49,473.49,76.52,3429.93,405.0,888.45,376999.92,6206154.32165,160936.528693,2018764.59328,17366.664429,2157503.1194,57145.3254184,10457.8823395,2901.50790257,311179.687972,14370.7013912,158318.139357,11115098.4718
140,238215.43,298.66,88108.6,0.0,36286.05,4522.49,455.49,76.52,3429.93,405.0,920.89,372719.06,6162281.38436,160391.03197,2018764.59328,17366.664429,2037934.33262,55572.6890524,9243.75406462,2901.50790257,311179.687972,14370.7013912,160958.472053,10950964.8191
141,234573.81,286.86,88108.6,0.0,33547.23,4504.46,444.69,76.52,3429.93,405.0,839.75,366216.85,6075122.51032,159614.929546,2018764.59328,17366.664429,1898415.66158,55549.7994043,8949.58363624,2901.50790257,311179.687972,14370.7013912,154402.831019,10716638.4705
142,228302.89,286.87,88108.6,0.0,29892.49,4498.19,444.69,76.53,3386.83,405.0,665.96,356068.05,5919099.04729,159614.964015,2018764.59328,17366.664429,1706565.89223,55542.5595353,8949.58363624,2901.522174,307655.560229,14370.7013912,140868.942969,10351700.0312
143,216814.39,286.86,88108.6,0.0,26296.7,4430.4,444.69,76.52,3145.74,405.0,665.96,340674.86,5642881.5641,159614.929546,2018764.59328,17366.664429,1524701.61072,55454.4124679,8949.58363624,2901.50790257,289506.328398,14370.7013912,140868.942969,9875380.83883
144,211703.81,286.87,88108.6,0.0,24631.58,4468.09,444.69,76.52,3145.74,405.0,665.96,333936.86,5548213.2395,159614.964015,2018764.59328,17366.664429,1453602.01323,55500.603022,8949.58363624,2901.50790257,289506.328398,14370.7013912,140868.942969,9709659.14177
145,200126.26,286.87,88108.6,0.0,22484.34,4397.09,444.69,76.53,3145.74,275.0,665.96,320011.08,11086033.0333,184117.870129,2018764.59328,17366.664429,2410691.98069,174022.3703,10412.0298452,3700.837395,944421.847961,15906.6269062,383020.499769,17248458.354
146,192829.39,286.86,88108.6,0.0,21008.41,4377.43,444.69,76.52,3145.74,275.0,665.96,311218.6,5112644.38152,159614.929546,2018764.59328,17366.664429,1258369.61391,55387.8238149,8949.58363624,2901.50790257,289506.328398,10726.9579062,140868.942969,9075101.32731
147,189253.83,286.87,88108.6,0.0,19039.35,4377.45,440.31,76.52,3145.74,275.0,665.96,305669.63,5034179.17099,159614.964015,2018764.59328,17366.664429,1160122.1899,55387.8435288,8926.43417613,2901.50790257,289506.328398,10726.9579062,140868.942969,8898365.5975
148,189016.02,286.87,88108.6,0.0,18432.46,4377.44,440.31,76.53,3145.74,275.0,665.96,304824.93,5033424.60722,159614.964015,2018764.59328,17366.664429,1129877.77136,55387.8336114,8926.43417613,2901.522174,289506.328398,10726.9579062,140868.942969,8867366.61954
149,190900.1,420.36,88108.6,0.0,18598.22,4377.43,440.31,76.52,3145.74,275.0,665.96,307008.24,5088521.42414,182576.18351,2018764.59328,17366.664429,1138126.83774,55387.8226055,8926.43417613,2901.50790257,289506.328398,10726.9579062,140868.942969,8953673.69705
150,198044.78,420.36,88108.6,0.0,18281.49,4412.32,444.69,76.53,3145.74,275.0,665.96,313875.47,5260211.73374,169993.755122,2018764.59328,17366.664429,1122375.91826,55435.6679428,8949.58363624,2901.522174,289506.328398,10726.9579062,140868.942969,9097101.66785
151,209352.55,476.32,88108.6,0.0,19459.85,4482.77,444.69,76.52,3145.74,405.0,665.96,326618.0,5539829.57398,174343.567052,2018764.59328,17366.664429,1180710.0319,55513.3633688,8949.58363624,2901.50790257,289506.328398,14370.7013912,140868.942969,9443124.8583
152,215880.12,286.87,88108.6,0.0,20451.95,4485.96,444.69,76.53,3145.74,405.0,665.96,333951.42,5677072.26856,159614.964015,2018764.59328,17366.664429,1225109.91359,55513.0849551,8949.58363624,2901.522174,289506.328398,14370.7013912,140868.942969,9610038.5674
153,220558.12,286.87,88108.6,0.0,22902.29,4498.08,444.69,76.53,3145.74,405.0,665.96,341091.88,5782348.45988,159614.964015,2018764.59328,17366.664429,1350109.44768,55525.1279814,8949.58363624,2901.522174,289506.328398,14370.7013912,140868.942969,9840326.33583
154,222489.95,286.87,88108.6,0.0,27037.91,4504.45,444.69,76.52,3145.73,405.0,665.96,347165.68,5812904.94859,159614.964015,2018764.59328,17366.664429,1560511.45483,55549.7824721,8949.58363624,2901.50790257,289506.320053,14370.7013912,140868.942969,10081309.4636
155,219553.77,286.86,88108.6,0.0,28175.24,4498.26,444.69,76.52,3202.5,405.0,665.96,345417.4,5721910.73281,159614.929546,2018764.59328,17366.664429,1614299.74253,55542.9269877,8949.58363624,2901.50790257,293555.365485,14370.7013912,140868.942969,10048145.691
156,214414.91,286.87,88108.6,0.0,28645.11,4443.0,444.69,76.52,3145.74,405.0,748.16,340718.6,5578193.53479,159614.964015,2018764.59328,17366.664429,1645496.7132,55486.0241571,8949.58363624,2901.50790257,289506.328398,14370.7013912,167087.527303,9957738.1425
157,211386.16,286.86,88108.6,0.0,28493.95,4436.77,444.69,76.52,3154.22,405.0,748.16,337540.93,5497704.33998,159614.929546,2018764.59328,17366.664429,1642378.59345,55479.0701031,8949.58363624,2901.50790257,290104.549255,14370.7013912,147255.179503,9854889.71248
158,208283.35,286.87,88108.6,0.0,27998.6,4436.76,444.69,76.53,3189.34,405.0,748.16,333977.9,5422287.38022,159614.964015,2018764.59328,17366.664429,1686469.62206,55479.0601857,8949.58363624,2901.522174,301079.541613,14370.7013912,147255.179503,9834538.81251
159,207318.48,286.87,88108.6,0.0,28970.01,4430.38,444.69,76.52,3189.34,405.0,748.16,333978.05,5404018.11514,159614.964015,2018764.59328,17366.664429,1717273.18411,55454.3683232,8949.58363624,2901.50790257,292834.551619,14370.7013912,147255.179503,9838803.41335
160,206955.53,298.67,88108.6,0.0,29314.69,4436.77,444.69,76.52,3189.33,405.0,748.16,333977.96,5391190.52654,160611.443239,2018764.59328,17366.664429,1700464.92261,55479.0701031,8949.58363624,2901.50790257,292834.543274,14370.7013912,147255.179503,9810188.73591
161,210929.7,298.66,88108.6,0.0,30616.49,4436.75,444.69,76.52,3267.48,405.0,748.16,339332.05,5470877.5181,160391.03197,2018764.59328,17366.664429,1781963.03283,55479.0721591,8949.58363624,2901.50790257,298454.378996,14370.7013912,147255.179503,9976773.2642
162,230766.23,846.18,88108.6,0.0,34332.02,4487.88,449.09,76.52,3429.93,405.0,962.92,363864.37,5959170.64135,201294.719958,2018764.59328,17366.664429,1987461.5452,55563.1917714,9324.47523299,2901.50790257,311179.687972,14370.7013912,164312.951358,10741710.6799
163,238482.57,298.67,88108.6,0.0,36694.62,4530.41,467.09,76.52,3429.94,405.0,853.1,373346.52,6158457.34763,160391.066439,2018764.59328,17366.664429,2093162.68384,55608.9672448,10333.1955079,2901.50790257,311179.696317,14370.7013912,155476.123962,10998012.5479
164,238667.33,298.66,88108.6,0.0,34011.63,4534.61,449.09,76.53,3358.65,405.0,748.16,370658.26,6170809.69938,160391.03197,2018764.59328,17366.664429,1921067.12511,55615.4070438,9221.77123299,2901.522174,305414.510716,14370.7013912,147255.179503,10823178.2062
165,236122.14,286.86,88108.6,0.0,30428.98,4515.25,444.69,76.53,3189.33,405.0,748.16,364325.54,6104070.3591,159614.929546,2018764.59328,17366.664429,1737312.5945,55566.4046905,8949.58363624,2901.522174,292834.543274,14370.7013912,147255.179503,10559007.0755
166,227029.44,286.87,88108.6,0.0,26805.27,4465.11,444.69,76.53,3145.74,405.0,665.96,351433.21,5871025.68863,159614.964015,2018764.59328,17366.664429,1549547.70106,55511.3163633,8949.58363624,2901.522174,289506.328398,14370.7013912,140868.942969,10128428.0063
167,212606.44,286.87,88108.6,0.0,23831.78,4389.5,444.69,76.53,3108.94,405.0,665.96,333924.31,5513445.34988,159614.964015,2018764.59328,17366.664429,1403100.93605,55425.5973731,8949.58363624,2901.522174,286913.297231,14370.7013912,140868.942969,9621722.15242
168,203950.73,286.87,88108.6,0.0,25067.17,4390.8,444.69,76.52,3108.94,275.0,665.96,326375.28,5323135.44548,159614.964015,2018764.59328,17366.664429,1469522.95052,55401.7414775,8949.58363624,2901.50790257,286913.297231,10726.9579062,140868.942969,9494166.64885

