Name,Input-Output curve (Power output in MW; Fuel input in MMBtu/hr),ramp down rate (MW/hr),ramp up rate (MW/hr),shutdown cost (K$),startup cost (K$),Balancing Authority,Zone,Fuel Type,Fuel cost ($/MMBtu),can commit,can load follow,can regulate,must on,minimum downtime (hours),minimum uptime (hours),NOx Rate (lbs/MMBtu),SOx Rate (lbs/MMBtu),CO2 rate (lbs/MMBtu),Category,Variable O&M ($/MWh),Fixed O&M ($/kW-Yr),Fuel Cost ($/MWh),maintenance as % of fuel cost
5_1, (0.47;3.1368);(1.05;7.0077),150,150,0,11.2466,0,0,COAL,5.84808,TRUE, TRUE, TRUE, FALSE,4,8,0,0,0,Coal,3.446912,11.707406,,
6_1, (1.04;5.8209);(1.475;8.2556),1500,1500,0,1.356928,0,0,COAL,5.178,TRUE, TRUE, TRUE, FALSE,1,1,0,0,0,Gas,3.446912,11.707406,,
6_2, (0;0);(1.05;5.3518);(1.05;5.3518);(2.1;10.9578);(2.1;10.9578);(3.15;16.821);(3.15;16.821);(4.2;22.9362);(4.2;22.9362);(5.25;29.3107),350,5050,0,1.679198,0,0,COAL,5.84808,TRUE, TRUE, TRUE, FALSE,2,2,0,0,0,Gas,3.446912,11.707406,,
7_1, (0.1;0.7652);(1.05;8.0346),500,500,0,0.096999,0,0,COAL,4.818417,TRUE, TRUE, TRUE, FALSE,1,1,0,0,0,Gas,3.446912,11.707406,,
9_3, (0.38;2.0406);(1.05;5.6385),500,500,0,1.256219,0,0,COAL,5.84808,TRUE, TRUE, TRUE, FALSE,8,12,0,0,0,Gas,3.446912,11.707406,,
9_4, (0;0);(1.05;14.5415),75,505,0,0.015901,0,0,COAL,2.29,TRUE, TRUE, TRUE, FALSE,8,5,0,0,0,Gas,3.446912,11.707406,,
9_1, (8.827;103.8938);(11.03;129.8231),75,505,0,0.132512,0,0,COAL,0.01,TRUE, TRUE, TRUE, FALSE,6,6,0,0,0,Gas,3.446912,11.707406,,
9_2, (19.95;187.4103);(19.71;185.1557),500,500,0,4.285454,0,0,COAL,2.5,TRUE, TRUE, TRUE, FALSE,24,48,0,0,0,Gas,3.446912,11.707406,,
10_1, (0.19;2.2363);(1.05;12.3585),75,505,0,0.060956,0,0,COAL,2.93,TRUE, TRUE, TRUE, FALSE,8,8,0,0,0,Gas,3.446912,11.707406,,
12_2, (0.57;2.3427);(1.05;4.3155),50,150,0,0,0,0,COAL,0,TRUE, TRUE, TRUE, FALSE,6,6,0,0,0,Gas,3.446912,11.707406,,
12_1, (0.95;7.6684);(3.9233;31.6691);(3.9233;31.6691);(6.8967;58.8631);(6.8967;58.8631);(9.87;88.9879),445,445,0,39.49932,0,0,COAL,5.84808,TRUE, TRUE, TRUE, FALSE,8,12,0,0,0,Gas,3.446912,11.707406,,
13_1, (66.5;370.804);(116.2;647.9312);(116.2;647.9312);(165.9;970.0173);(165.9;970.0173);(215.6;1318.8252);(215.6;1318.8252);(265.3;1694.7364);(265.3;1694.7364);(315;2097.27),350,5050,0,3.39232,0,0,COAL,5.200917,TRUE, TRUE, TRUE, FALSE,1,1,0,0,0,Coal,3.446912,11.707406,,
14_1, (0;0);(6.72;91.9296),75,505,0,0.115551,0,0,COAL,2.29,TRUE, TRUE, TRUE, FALSE,8,5,0,0,0,Coal,3.446912,11.707406,,
14_2, (0;0);(2.2387;22.1032);(2.2387;22.1032);(4.477;44.4659);(4.477;44.4659);(6.72;68.3491),244,244,0,49.68901,0,0,COAL,2.51,TRUE, TRUE, TRUE, FALSE,48,140,0,0,0,Coal,3.446912,11.707406,,
16_2, (0;0);(2.94;31.752),75,505,0,0.011131,0,0,COAL,2.29,TRUE, TRUE, TRUE, FALSE,8,8,0,0,0,Gas,3.446912,11.707406,,
16_4, (3.42;14.0562);(5.067;20.8254),113.4,5050,0,0,0,0,COAL,0,TRUE, TRUE, TRUE, FALSE,6,16,0,0,0,Gas,3.446912,11.707406,,
16_3, (20.9;187.6402);(25.8205;231.816);(25.8205;231.816);(29.7568;282.1244);(29.7568;282.1244);(31.725;327.053),80,500,0,1.37389,0,0,COAL,5.178,TRUE, TRUE, TRUE, FALSE,2,2,0,0,0,Gas,3.446912,11.707406,,
16_1, (14.25;109.041);(48.3;369.5916),500,500,0,0.096999,0,0,COAL,4.818417,TRUE, TRUE, TRUE, FALSE,1,1,0,0,0,Gas,3.446912,11.707406,,
17_1, (82.727;1002.6512);(142.8;1730.736),75,505,0,0.00424,0,0,COAL,2.29,TRUE, TRUE, TRUE, FALSE,6,6,0,0,0,Gas,3.446912,11.707406,,
18_1, (7.109;54.3981);(8.689;66.4882),500,500,0,0.386724,0,0,COAL,5.06525,TRUE, TRUE, TRUE, FALSE,1,1,0,0,0,Gas,3.446912,11.707406,,
19_1, (0.28;1.8169);(1.05;6.8135),75,505,0,4.17902,0,0,COAL,5.68933,TRUE, TRUE, TRUE, FALSE,6,8,0,0,0,Gas,3.446912,11.707406,,
20_1, (1089.65;8720.469);(1170.6976;9369.093);(1170.6976;9369.093);(1251.7524;11718.9058);(1251.7524;11718.9058);(1332.8;14176.9936),450,450,0,89.40014,0,0,COAL,2.3,TRUE, TRUE, TRUE, FALSE,48,140,0,0,0,Gas,3.446912,11.707406,,
22_1, (0;0);(2.31;9.4941),50,500,0,0,0,0,COAL,0,TRUE, TRUE, TRUE, FALSE,6,6,0,0,0,Gas,3.446912,11.707406,,
23_1, (0.19;2.2363);(1.05;12.3585),75,505,0,0.238523,0,0,COAL,2.87,TRUE, TRUE, TRUE, FALSE,8,8,0,0,0,Gas,3.446912,11.707406,,
24_1, (39.9;374.8206);(56.162;527.5858),500,500,0,3.225778,0,0,COAL,2.5,TRUE, TRUE, TRUE, FALSE,24,48,0,0,0,Gas,3.446912,11.707406,,
27_1, (2.85;16.017);(3.0853;17.3395);(3.0853;17.3395);(3.3207;20.638);(3.3207;20.638);(3.556;24.1097),409.8,450,0,43.63266,0,0,COAL,4.96075,TRUE, TRUE, TRUE, FALSE,4,8,0,0,0,Gas,3.446912,11.707406,,
34_1, (0;0);(43.9057;460.3949);(43.9057;460.3949);(69.516;770.3763),80,500,0,1.747045,0,0,COAL,4.63608,TRUE, TRUE, TRUE, FALSE,1,1,0,0,0,Gas,3.446912,11.707406,,
35_1, (37.05;241.603);(38.35;250.0804);(38.35;250.0804);(39.65;286.5109);(39.65;286.5109);(40.95;335.831),500,500,0,0.044524,0,0,COAL,5.200917,TRUE, TRUE, TRUE, FALSE,3,5,0,0,0,Gas,3.446912,11.707406,,
40_1, (109.25;1324.11);(120.75;1463.49),75,505,0,0.015371,0,0,COAL,2.29,TRUE, TRUE, TRUE, FALSE,1,1,0,0,0,Gas,3.446912,11.707406,,
42_1, (1.42;14.4584);(1.4685;14.9526);(1.4685;14.9526);(1.5388;16.4665);(1.5388;16.4665);(1.58;18.8036),50,50,0,0.066256,0,0,COAL,2.29,TRUE, TRUE, TRUE, FALSE,8,8,0,0,0,Oil,3.446912,11.707406,,
44_1, (0.57;3.2034);(0.72999;4.1026);(0.72999;4.1026);(0.89001;5.5314);(0.89001;5.5314);(1.05;7.119),354,5054,0,58.63023,0,0,COAL,4.97633,TRUE, TRUE, TRUE, FALSE,4,8,0,0,0,Gas,3.446912,11.707406,,
45_1, (0.38;0);(1.05;0),2509,2509,0,163.6274,0,0,COAL,0.89,TRUE, TRUE, TRUE, FALSE,140,140,0,0,0,Gas,3.446912,11.707406,,
45_2, (3.083;37.366);(5.04;61.0848),75,505,0,0.00424,0,0,COAL,2.29,TRUE, TRUE, TRUE, FALSE,6,6,0,0,0,Gas,3.446912,11.707406,,
46_1, (0.85;8.9854);(0.91661;9.6895);(0.91661;9.6895);(0.98322;10.662);(0.98322;10.662);(1.05;11.5269),147,1450,0,45.02064,0,0,COAL,2.3,TRUE, TRUE, TRUE, FALSE,48,140,0,0,0,Gas,3.446912,11.707406,,
46_2, (0.47;5.5718);(1.05;12.4478),75,505,0,0.008481,0,0,COAL,2.29,TRUE, TRUE, TRUE, FALSE,8,5,0,0,0,Gas,3.446912,11.707406,,
47_1, (75.327;789.8789);(162.3882;1702.8024);(162.3882;1702.8024);(213.15;2362.1283),80,500,0,0.382166,0,0,COAL,4.63608,TRUE, TRUE, TRUE, FALSE,1,1,0,0,0,Gas,3.446912,11.707406,,
53_1, (2.75;33.33);(4.2;50.904),75,505,0,0.00424,0,0,COAL,2.29,TRUE, TRUE, TRUE, FALSE,6,6,0,0,0,Gas,3.446912,11.707406,,
54_1, (0.1;0.5689);(0.29;1.6498);(0.29;1.6498);(0.48;2.8507);(0.48;2.8507);(0.67;4.1473);(0.67;4.1473);(0.86;5.5384);(0.86;5.5384);(1.05;7.0256),350,5050,0,11.02822,0,0,COAL,4.63608,TRUE, TRUE, TRUE, FALSE,2,2,0,0,0,Gas,3.446912,11.707406,,
59_1, (66.5;372.9985);(116.2;651.7658);(116.2;651.7658);(165.9;969.1878);(165.9;969.1878);(215.6;1309.77);(215.6;1309.77);(265.3;1673.5124);(265.3;1673.5124);(315;2060.73),3750,505050,0,3.39232,0,0,COAL,5.84808,TRUE, TRUE, TRUE, FALSE,1,1,0,0,0,Gas,3.446912,11.707406,,
60_1, (36.358;378.5595);(39.8209;414.6148);(39.8209;414.6148);(45.0151;502.0089);(45.0151;502.0089);(48.478;595.5038),1500,1500,0,0.915926,0,0,COAL,5.155,TRUE, TRUE, TRUE, FALSE,2,2,0,0,0,Gas,3.446912,11.707406,,
64_1, (4.75;50.0555);(25.8844;272.7695);(25.8844;272.7695);(49.367;550.7383),500,500,0,16.37854,0,0,COAL,4.677,TRUE, TRUE, TRUE, FALSE,2,2,0,0,0,Gas,3.446912,11.707406,,
68_1, (4.75;19.5225);(57.75;237.3525),50,500,0,0,0,0,COAL,0,TRUE, TRUE, TRUE, FALSE,6,16,0,0,0,Gas,3.446912,11.707406,,
69_1, (39.9;163.989);(57.062;234.5248),50,500,0,0,0,0,COAL,0,TRUE, TRUE, TRUE, FALSE,6,6,0,0,0,Coal,3.446912,11.707406,,
70_1, (1089.65;13206.558);(1504.162;18230.4434),75,505,0,0.010601,0,0,COAL,0.54,TRUE, TRUE, TRUE, FALSE,6,6,0,0,0,Gas,3.446912,11.707406,,
73_1, (0.95;3.9045);(3.15;12.9465),50,500,0,0,0,0,COAL,0,TRUE, TRUE, TRUE, FALSE,6,6,0,0,0,Gas,3.446912,11.707406,,
74_1, (2.55;30.1384);(2.81;33.2114);(2.81;33.2114);(3.2;39.7504);(3.2;39.7504);(3.46;47.7999),50,150,0,1.494741,0,0,COAL,4.677,TRUE, TRUE, TRUE, FALSE,8,12,0,0,0,Gas,3.446912,11.707406,,
77_1, (2.633;24.4553);(3.6208;33.6295);(3.6208;33.6295);(3.95;38.7258),5028,50250,0,21.51049,0,0,COAL,4.677,TRUE, TRUE, TRUE, FALSE,2,2,0,0,0,Gas,3.446912,11.707406,,
79_1, (39.409;221.4786);(42.3283;237.8852);(42.3283;237.8852);(45.2477;281.2142);(45.2477;281.2142);(48.167;326.5723),2505,2505,0,51.83995,0,0,COAL,5.47333,TRUE, TRUE, TRUE, FALSE,4,8,0,0,0,Gas,3.446912,11.707406,,
80_1, (0.38;1.5618);(1.05;4.3155),50,500,0,0,0,0,COAL,0,TRUE, TRUE, TRUE, FALSE,6,6,0,0,0,Coal,3.446912,11.707406,,
80_2, (0.76;5.9842);(1.05;8.2677),750,5050,0,0.014841,0,0,COAL,5.47333,TRUE, TRUE, TRUE, FALSE,1,1,0,0,0,Coal,3.446912,11.707406,,
82_1, (0.47;2.6414);(0.66331;3.7278);(0.66331;3.7278);(0.85669;5.3243);(0.85669;5.3243);(1.05;7.119),1550,1550,0,20.76948,0,0,COAL,5.06525,TRUE, TRUE, TRUE, FALSE,4,8,0,0,0,Coal,3.446912,11.707406,,
82_3, (2.85;11.7135);(3.967;16.3044),50,500,0,0,0,0,COAL,0,TRUE, TRUE, TRUE, FALSE,6,16,0,0,0,Coal,3.446912,11.707406,,
82_2, (0.95;7.4043);(3.3786;26.3326);(3.3786;26.3326);(7.0214;58.6149);(7.0214;58.6149);(9.45;86.9022),80,500,0,1.604567,0,0,COAL,5.84808,TRUE, TRUE, TRUE, FALSE,1,1,0,0,0,Nuclear,3.446912,11.707406,,
83_1, (43.7;245.594);(43.0834;242.1287);(43.0834;242.1287);(42.4666;263.9299);(42.4666;263.9299);(41.85;283.743),3950,50950,0,21.40596,0,0,COAL,4.96075,TRUE, TRUE, TRUE, FALSE,4,8,0,0,0,Nuclear,3.446912,11.707406,,
83_2, (43.7;405.8856);(42.3125;392.9985);(42.3125;392.9985);(41.85;410.2974),350,5050,0,1.662237,0,0,COAL,5.84808,TRUE, TRUE, TRUE, FALSE,2,2,0,0,0,Nuclear,3.446912,11.707406,,
83_3, (43.7;395.6598);(42.8591;388.0462);(42.8591;388.0462);(42.1864;403.3438);(42.1864;403.3438);(41.85;435.0726),84,504,0,2.052354,0,0,COAL,5.155,TRUE, TRUE, TRUE, FALSE,2,2,0,0,0,Gas,3.446912,11.707406,,
83_4, (43.7;334.3924);(41.85;320.2362),500,500,0,0.386724,0,0,COAL,5.06525,TRUE, TRUE, TRUE, FALSE,1,1,0,0,0,Gas,3.446912,11.707406,,
86_1, (754.369;3632.2867);(1182.9872;5696.0833);(1182.9872;5696.0833);(1525.8817;7757.5827);(1525.8817;7757.5827);(1697.329;9382.8347),90,90,0,4.913563,0,0,COAL,4.63608,TRUE, TRUE, TRUE, TRUE,2,2,0,0,0,Gas,3.446912,11.707406,,
87_1, (40.85;377.8625);(50.592;467.9759);(50.592;467.9759);(58.478;570.9792),508,5050,0,1.356928,0,0,COAL,4.677,TRUE, TRUE, TRUE, FALSE,1,1,0,0,0,Gas,3.446912,11.707406,,
88_2, (0;0);(0.3;3.1236);(0.3;3.1236);(0.75;8.364);(0.75;8.364);(1.05;12.8982),80,500,0,2.264374,0,0,COAL,22.94,TRUE, TRUE, TRUE, FALSE,2,2,0,0,0,Gas,3.446912,11.707406,,
88_1, (4.27;17.5497);(4.73;19.4403),50,500,0,0,0,0,COAL,0,TRUE, TRUE, TRUE, FALSE,6,16,0,0,0,Gas,3.446912,11.707406,,
102_1, (0;0);(0.1728;2.1588);(0.1728;2.1588);(0.54648;7.1474);(0.54648;7.1474);(1.05;15.1526),75,505,0,0.066256,0,0,COAL,2.93,TRUE, TRUE, TRUE, FALSE,4,8,0,0,0,Coal,3.446912,11.707406,,
103_7, (0;0);(18.9289;194.0211);(18.9289;194.0211);(47.3231;509.8119);(47.3231;509.8119);(66.252;793.699),80,500,0,5.800735,0,0,COAL,5.155,TRUE, TRUE, TRUE, FALSE,2,2,0,0,0,Coal,3.446912,11.707406,,
103_6, (50.55;612.666);(90;1090.8),75,505,0,0.008481,0,0,COAL,2.29,TRUE, TRUE, TRUE, FALSE,8,8,0,0,0,Gas,3.446912,11.707406,,
103_13, (50.55;271.6051);(58.44;313.9981);(58.44;313.9981);(66.33;377.3514);(66.33;377.3514);(74.22;445.6169);(74.22;445.6169);(82.11;518.9352);(82.11;518.9352);(90;597.24),350,5050,0,3.39232,0,0,COAL,4.677,TRUE, TRUE, TRUE, FALSE,2,2,0,0,0,Gas,3.446912,11.707406,,
103_8, (42.536;325.4855);(98.74;755.5585),500,500,0,0.386724,0,0,COAL,5.06525,TRUE, TRUE, TRUE, FALSE,1,1,0,0,0,Gas,3.446912,11.707406,,
103_2, (48.81;458.5211);(99.156;931.4715),500,500,0,4.285454,0,0,COAL,2.5,TRUE, TRUE, TRUE, FALSE,24,48,0,0,0,Gas,3.446912,11.707406,,
103_4, (50.55;615.3451);(88.86;1081.6928);(88.86;1081.6928);(101.63;1305.8439),350,5050,0,2.374624,0,0,COAL,5.84808,TRUE, TRUE, TRUE, FALSE,2,2,0,0,0,Gas,3.446912,11.707406,,
103_5, (0;0);(21.24;110.2568);(21.24;110.2568);(42.48;230.1142);(42.48;230.1142);(63.72;359.6357);(63.72;359.6357);(84.96;498.8002);(84.96;498.8002);(106.2;647.6076),350,5050,0,11.81439,0,0,COAL,5.84808,TRUE, TRUE, TRUE, FALSE,2,2,0,0,0,Gas,3.446912,11.707406,,
103_12, (0;0);(21.24;108.4939);(21.24;108.4939);(42.48;222.2554);(42.48;222.2554);(63.72;341.2843);(63.72;341.2843);(84.96;465.5808);(84.96;465.5808);(106.2;595.1448),350,5050,0,1.692768,0,0,COAL,5.47333,TRUE, TRUE, TRUE, FALSE,2,2,0,0,0,Gas,3.446912,11.707406,,
103_11, (50.11;445.979);(63.0854;561.4601);(63.0854;561.4601);(76.0608;702.0412);(76.0608;702.0412);(89.0362;851.1861);(89.0362;851.1861);(102.0116;1008.8947);(102.0116;1008.8947);(114.987;1178.9617),1508,15050,0,43.63371,0,0,COAL,1.31,TRUE, TRUE, TRUE, FALSE,48,140,0,0,0,Gas,3.446912,11.707406,,
103_1, (0;0);(19.38;241.7657);(19.38;241.7657);(63.4977;829.28);(63.4977;829.28);(126.36;1820.8476),75,505,0,0.066256,0,0,COAL,2.93,TRUE, TRUE, TRUE, FALSE,4,8,0,0,0,Gas,3.446912,11.707406,,
103_3, (0;0);(128.964;860.7057),150,150,0,11.2466,0,0,COAL,5.84808,TRUE, TRUE, TRUE, FALSE,4,8,0,0,0,Gas,3.446912,11.707406,,
103_9, (0;0);(130.26;535.3686),145.8,1450,0,0,0,0,COAL,0,TRUE, TRUE, TRUE, FALSE,6,16,0,0,0,Gas,3.446912,11.707406,,
104_2, (73.218;887.4022);(105.434;1277.8601),75,505,0,0.381636,0,0,COAL,2.29,TRUE, TRUE, TRUE, FALSE,8,8,0,0,0,Gas,3.446912,11.707406,,
104_4, (73.218;583.6939);(79.6612;635.0591);(79.6612;635.0591);(86.1044;711.8251);(86.1044;711.8251);(92.5476;792.4851);(92.5476;792.4851);(98.9908;876.9595);(98.9908;876.9595);(105.434;968.3059),244,244,0,45.74862,0,0,COAL,1.31,TRUE, TRUE, TRUE, FALSE,48,140,0,0,0,Gas,3.446912,11.707406,,
104_6, (73.218;560.2641);(105.434;806.781),500,500,0,0.195058,0,0,COAL,4.87433,TRUE, TRUE, TRUE, FALSE,1,1,0,0,0,Coal,3.446912,11.707406,,
104_8, (73.218;560.2641);(105.434;806.781),500,500,0,0.064666,0,0,COAL,5.47333,TRUE, TRUE, TRUE, FALSE,3,5,0,0,0,Coal,3.446912,11.707406,,
104_11, (73.218;560.2641);(105.434;806.781),500,500,0,0.115339,0,0,COAL,4.87433,TRUE, TRUE, TRUE, FALSE,1,1,0,0,0,Coal,3.446912,11.707406,,
104_1, (83.578;779.2813);(90.933;847.8593);(90.933;847.8593);(98.288;950.445);(98.288;950.445);(105.643;1058.0146);(105.643;1058.0146);(112.998;1170.7723);(112.998;1170.7723);(120.353;1292.8319),49.32,49,0,16.45614,0,0,COAL,0.88,TRUE, TRUE, TRUE, FALSE,48,140,0,0,0,Coal,3.446912,11.707406,,
104_3, (83.578;988.8113);(94.1818;1114.2653);(94.1818;1114.2653);(109.8845;1366.3043);(109.8845;1366.3043);(120.353;1664.2413),75,505,0,0.061486,0,0,COAL,2.93,TRUE, TRUE, TRUE, FALSE,4,8,0,0,0,Coal,3.446912,11.707406,,
104_5, (83.578;343.5056);(120.353;494.6508),50,500,0,0,0,0,COAL,0,TRUE, TRUE, TRUE, FALSE,6,16,0,0,0,Coal,3.446912,11.707406,,
104_7, (83.578;773.0965);(103.9014;961.0883);(103.9014;961.0883);(120.353;1175.1267),508,5050,0,1.356928,0,0,COAL,4.677,TRUE, TRUE, TRUE, FALSE,1,1,0,0,0,Gas,3.446912,11.707406,,
104_9, (83.578;987.8084);(94.0851;1111.9923);(94.0851;1111.9923);(109.8459;1364.5052);(109.8459;1364.5052);(120.353;1662.6767),50,50,0,0.10601,0,0,COAL,22.94,TRUE, TRUE, TRUE, FALSE,1,1,0,0,0,Gas,3.446912,11.707406,,
116_1, (0;0);(81.888;583.0426),150,150,0,8.37479,0,0,COAL,4.677,TRUE, TRUE, TRUE, FALSE,4,8,0,0,0,Coal,3.446912,11.707406,,
116_2, (4.75;61.1277);(43.5984;561.068);(43.5984;561.068);(92.416;1245.1212);(92.416;1245.1212);(103.95;1545.3207),500,500,0,0.152654,0,0,COAL,2.93,TRUE, TRUE, TRUE, FALSE,4,8,0,0,0,Gas,3.446912,11.707406,,
125_2, (71.012;369.3334);(81.4346;423.5414);(81.4346;423.5414);(91.8572;566.1161);(91.8572;566.1161);(102.258;731.1447),221.4,250,0,49.83,0,0,COAL,5.68933,TRUE, TRUE, TRUE, FALSE,4,8,0,0,0,Gas,3.446912,11.707406,,
125_1, (80.728;635.6523);(116.249;915.3446),750,5050,0,0.014841,0,0,COAL,5.47333,TRUE, TRUE, TRUE, FALSE,1,1,0,0,0,Gas,3.446912,11.707406,,
126_1, (0.95;9.9617);(23.5605;247.0557);(23.5605;247.0557);(36.75;407.2635),80,500,0,6.988179,0,0,COAL,5.200917,TRUE, TRUE, TRUE, FALSE,2,2,0,0,0,Gas,3.446912,11.707406,,
127_1, (0.95;5.339);(13.466;75.6789);(13.466;75.6789);(25.982;161.4782);(25.982;161.4782);(38.498;261.0165);(38.498;261.0165);(46.489;439.7395),428.4,4250,0,61.37046,0,0,COAL,4.95575,TRUE, TRUE, TRUE, FALSE,4,8,0,0,0,Gas,3.446912,11.707406,,
133_1, (0.95;8.5386);(12.0407;108.2215);(12.0407;108.2215);(23.5258;214.9319);(23.5258;214.9319);(35.011;325.7422);(35.011;325.7422);(45.688;432.8024),152,152,0,12.7212,0,0,COAL,5.23258,TRUE, TRUE, TRUE, FALSE,8,12,0,0,0,Gas,3.446912,11.707406,,
141_1, (190.659;1062.9239);(207.437;1156.4613);(207.437;1156.4613);(224.215;1300.6712);(224.215;1300.6712);(240.993;1452.2238);(240.993;1452.2238);(257.771;1611.5843);(257.771;1611.5843);(274.549;1778.5284),350,5050,0,9.936317,0,0,COAL,5.155,TRUE, TRUE, TRUE, FALSE,2,2,0,0,0,Gas,3.446912,11.707406,,
158_1, (0.95;7.5477);(12.8508;102.0997);(12.8508;102.0997);(24.1048;198.6239);(24.1048;198.6239);(35.3589;301.7527);(35.3589;301.7527);(46.6129;411.5454);(46.6129;411.5454);(56.25;514.8563),243.5,244,0,44.63551,0,0,COAL,1.31,TRUE, TRUE, TRUE, FALSE,48,140,0,0,0,Gas,3.446912,11.707406,,
160_2, (0.45;2.529);(13.5847;76.3458);(13.5847;76.3458);(26.7153;166.0359);(26.7153;166.0359);(39.85;270.183),150,150,0,25.24999,0,0,COAL,4.818417,TRUE, TRUE, TRUE, FALSE,4,8,0,0,0,Gas,3.446912,11.707406,,
160_1, (0;0);(101.52;1194.8904),75,505,0,0.238523,0,0,COAL,2.87,TRUE, TRUE, TRUE, FALSE,8,8,0,0,0,Gas,3.446912,11.707406,,
162_1, (0;0);(1.3056;9.6913);(1.3056;9.6913);(11.8883;95.3439);(11.8883;95.3439);(54.2441;467.8556);(54.2441;467.8556);(96.6;891.7146),50,50,0,0.090639,0,0,COAL,2.29,TRUE, TRUE, TRUE, FALSE,8,8,0,0,0,Gas,3.446912,11.707406,,
164_1, (0.95;5.3171);(81.9;458.3943),50,250,0,1.169428,0,0,COAL,5.68933,TRUE, TRUE, TRUE, FALSE,8,8,0,0,0,Gas,3.446912,11.707406,,
167_1, (0;0);(262.5;2008.65),500,500,0,0.244247,0,0,COAL,4.677,TRUE, TRUE, TRUE, FALSE,1,1,0,0,0,Gas,3.446912,11.707406,,
170_1, (0.95;5.3285);(4.96;27.8206);(4.96;27.8206);(8.97;52.4027);(8.97;52.4027);(12.98;78.8535);(12.98;78.8535);(16.99;107.1729);(16.99;107.1729);(21;137.382),3750,505050,0,3.39232,0,0,COAL,4.6355,TRUE, TRUE, TRUE, FALSE,1,1,0,0,0,Gas,3.446912,11.707406,,
173_1, (0.95;8.5291);(75.6786;679.4422);(75.6786;679.4422);(187.7714;1780.2609);(187.7714;1780.2609);(262.5;2706.1125),150,150,0,0.873522,0,0,COAL,4.63608,TRUE, TRUE, TRUE, FALSE,2,2,0,0,0,Gas,3.446912,11.707406,,
182_1, (0.95;5.339);(18.1316;101.8993);(18.1316;101.8993);(35.3184;219.5041);(35.3184;219.5041);(52.5;355.95),500,5000,0,21.40596,0,0,COAL,4.96075,TRUE, TRUE, TRUE, FALSE,4,8,0,0,0,Gas,3.446912,11.707406,,
184_1, (0.95;11.514);(84;1018.08),75,505,0,0.00424,0,0,COAL,2.29,TRUE, TRUE, TRUE, FALSE,6,6,0,0,0,Gas,3.446912,11.707406,,
197_1, (0;0);(81.888;963.8218),75,505,0,0.21202,0,0,COAL,2.93,TRUE, TRUE, TRUE, FALSE,8,8,0,0,0,Coal,3.446912,11.707406,,
197_2, (4.75;23.7215);(24.59;122.8025);(24.59;122.8025);(44.43;226.3264);(44.43;226.3264);(64.27;333.7541);(64.27;333.7541);(84.11;445.1101);(84.11;445.1101);(103.95;560.3945),350,5050,0,5.241134,0,0,COAL,4.63608,TRUE, TRUE, TRUE, FALSE,2,2,0,0,0,Coal,3.446912,11.707406,,
206_2, (71.012;637.5457);(85.2147;765.0578);(85.2147;765.0578);(96.5769;915.6457);(96.5769;915.6457);(102.258;1054.1777),80,500,0,1.628314,0,0,COAL,5.47333,TRUE, TRUE, TRUE, FALSE,2,2,0,0,0,Gas,3.446912,11.707406,,
206_1, (80.728;978.4234);(116.249;1408.9379),75,505,0,0.007951,0,0,COAL,2.29,TRUE, TRUE, TRUE, FALSE,6,6,0,0,0,Gas,3.446912,11.707406,,
207_1, (0.95;12.0565);(11.1786;141.8672);(11.1786;141.8672);(26.5214;352.3637);(26.5214;352.3637);(36.75;538.755),75,505,0,0.073147,0,0,COAL,2.93,TRUE, TRUE, TRUE, FALSE,4,8,0,0,0,Gas,3.446912,11.707406,,
208_1, (0.95;7.6418);(13.9611;112.3034);(13.9611;112.3034);(33.4779;288.4117);(33.4779;288.4117);(46.489;441.1806),80,500,0,1.604567,0,0,COAL,5.84808,TRUE, TRUE, TRUE, FALSE,1,1,0,0,0,Gas,3.446912,11.707406,,
214_1, (0.95;6.5873);(45.688;316.8006),150,150,0,24.45941,0,0,COAL,5.155,TRUE, TRUE, TRUE, FALSE,4,8,0,0,0,Oil,3.446912,11.707406,,
222_1, (0;0);(292.5;1202.175),50,500,0,0,0,0,COAL,0,TRUE, TRUE, TRUE, FALSE,6,16,0,0,0,Gas,3.446912,11.707406,,
222_2, (0;0);(292.5;2303.145),750,5050,0,0.030213,0,0,COAL,4.677,TRUE, TRUE, TRUE, FALSE,2,2,0,0,0,Gas,3.446912,11.707406,,
222_3, (0;0);(83.5714;833.5414);(83.5714;833.5414);(208.9286;2326.8375);(208.9286;2326.8375);(292.5;3681.6975),504,504,0,0.791895,0,0,COAL,22.94,TRUE, TRUE, TRUE, FALSE,2,2,0,0,0,Oil,3.446912,11.707406,,
222_4, (0;0);(58.5;313.911);(58.5;313.911);(117;645.255);(117;645.255);(175.5;993.8565);(175.5;993.8565);(234;1360.008);(234;1360.008);(292.5;1743.3),350,5050,0,1.967546,0,0,COAL,5.47333,TRUE, TRUE, TRUE, FALSE,2,2,0,0,0,Geothermal,3.446912,11.707406,,
223_1, (0;0);(191.1;1462.2972),500,500,0,0.096999,0,0,COAL,4.818417,TRUE, TRUE, TRUE, FALSE,1,1,0,0,0,Geothermal,3.446912,11.707406,,
224_1, (0;0);(154.35;2126.3256),42,42,0,3.49833,0,0,COAL,5.84808,TRUE, TRUE, TRUE, FALSE,8,12,0,0,0,Geothermal,3.446912,11.707406,,
224_2, (0;0);(54.6;258.7494);(54.6;258.7494);(109.2;525.798);(109.2;525.798);(163.8;801.1458);(163.8;801.1458);(218.4;1084.5744);(218.4;1084.5744);(273;1376.466),75,505,0,0.144174,0,0,COAL,2.93,TRUE, TRUE, TRUE, FALSE,4,8,0,0,0,Geothermal,3.446912,11.707406,,
230_1, (0;0);(83.5714;987.7307);(83.5714;987.7307);(208.9286;2595.3107);(208.9286;2595.3107);(292.5;4040.8875),50,50,0,0.026503,0,0,COAL,22.94,TRUE, TRUE, TRUE, FALSE,1,1,0,0,0,Geothermal,3.446912,11.707406,,
230_2, (0;0);(292.5;3034.395),80,500,0,1.637854,0,0,COAL,4.63608,TRUE, TRUE, TRUE, FALSE,1,1,0,0,0,Geothermal,3.446912,11.707406,,
230_3, (0;0);(292.5;1202.175),50,500,0,0,0,0,COAL,0,TRUE, TRUE, TRUE, FALSE,6,16,0,0,0,Geothermal,3.446912,11.707406,,
230_4, (0;0);(132.9545;1193.6659);(132.9545;1193.6659);(239.3182;2268.9757);(239.3182;2268.9757);(292.5;3015.3825),80,500,0,4.149231,0,0,COAL,4.677,TRUE, TRUE, TRUE, FALSE,2,2,0,0,0,Geothermal,3.446912,11.707406,,
231_1, (0;0);(60.5754;826.0663);(60.5754;826.0663);(112.6706;1603.0771);(112.6706;1603.0771);(236.25;3538.5525),75,505,0,0.206243,0,0,COAL,0,TRUE, TRUE, TRUE, FALSE,4,8,0,0,0,Geothermal,3.446912,11.707406,,
236_1, (0;0);(105.6052;976.8479);(105.6052;976.8479);(191.1;1865.9004),508,5050,0,1.434951,0,0,COAL,4.97633,TRUE, TRUE, TRUE, FALSE,1,1,0,0,0,Geothermal,3.446912,11.707406,,
237_1, (0;0);(107.3864;964.1148);(107.3864;964.1148);(193.2955;1832.6342);(193.2955;1832.6342);(236.25;2435.5012),80,500,0,1.458698,0,0,COAL,4.97633,TRUE, TRUE, TRUE, FALSE,2,2,0,0,0,Geothermal,3.446912,11.707406,,
240_1, (0;0);(57;673.683);(57;673.683);(142.5;1770.135);(142.5;1770.135);(199.5;2756.0925),50,50,0,0.021202,0,0,COAL,22.94,TRUE, TRUE, TRUE, FALSE,1,1,0,0,0,Geothermal,3.446912,11.707406,,
240_2, (0;0);(199.5;819.945),50,250,0,0,0,0,COAL,0,TRUE, TRUE, TRUE, FALSE,6,16,0,0,0,Gas,3.446912,11.707406,,
240_3, (0.95;6.2367);(168.2468;1104.54);(168.2468;1104.54);(199.5;1871.709),150,150,0,25.17462,0,0,COAL,5.47333,TRUE, TRUE, TRUE, FALSE,4,8,0,0,0,Gas,3.446912,11.707406,,
240_4, (0.95;9.8914);(57.6786;600.5493);(57.6786;600.5493);(142.7714;1592.187);(142.7714;1592.187);(199.5;2450.658),1500,1500,0,0.791895,0,0,COAL,22.94,TRUE, TRUE, TRUE, FALSE,2,2,0,0,0,Gas,3.446912,11.707406,,
243_1, (0;0);(154.35;1181.0862),500,500,0,0.542771,0,0,COAL,5.178,TRUE, TRUE, TRUE, FALSE,1,1,0,0,0,Gas,3.446912,11.707406,,
243_2, (0;0);(54.6;303.7944);(54.6;303.7944);(109.2;631.9404);(109.2;631.9404);(163.8;984.438);(163.8;984.438);(218.4;1361.2872);(218.4;1361.2872);(273;1762.488),350,5050,0,19.65425,0,0,COAL,4.76958,TRUE, TRUE, TRUE, FALSE,2,2,0,0,0,Gas,3.446912,11.707406,,
245_2, (0;0);(42.804;462.2832),75,505,0,0.011131,0,0,COAL,2.29,TRUE, TRUE, TRUE, FALSE,8,8,0,0,0,Geothermal,3.446912,11.707406,,
245_3, (0;0);(20.2756;187.9343);(20.2756;187.9343);(42.804;419.9928),500,500,0,16.37854,0,0,COAL,4.677,TRUE, TRUE, TRUE, FALSE,2,2,0,0,0,Geothermal,3.446912,11.707406,,
245_4, (0;0);(42.804;327.5362),500,500,0,0.096999,0,0,COAL,4.818417,TRUE, TRUE, TRUE, FALSE,1,1,0,0,0,Geothermal,3.446912,11.707406,,
245_5, (0;0);(14.268;119.1093);(14.268;119.1093);(28.536;247.4357);(28.536;247.4357);(42.804;382.9674),500,5040,0,23.85225,0,0,COAL,4.76958,TRUE, TRUE, TRUE, FALSE,8,12,0,0,0,Geothermal,3.446912,11.707406,,
245_6, (0;0);(9.4498;118.9167);(9.4498;118.9167);(26.1269;344.196);(26.1269;344.196);(42.804;622.1989),75,505,0,0.10601,0,0,COAL,2.93,TRUE, TRUE, TRUE, FALSE,4,8,0,0,0,Oil,3.446912,11.707406,,
245_7, (0;0);(27.7482;142.4035);(27.7482;142.4035);(42.804;222.1956),45.5,450,0,7.643321,0,0,COAL,4.87433,TRUE, TRUE, TRUE, FALSE,4,8,0,0,0,Geothermal,3.446912,11.707406,,
245_8, (0;0);(14.268;124.6167);(14.268;124.6167);(28.536;256.3104);(28.536;256.3104);(42.804;393.3688),350,5050,0,26.476,0,0,COAL,5.84808,TRUE, TRUE, TRUE, FALSE,8,12,0,0,0,Geothermal,3.446912,11.707406,,
245_9, (0;0);(42.804;277.7552),500,1500,0,41.80695,0,0,COAL,5.84808,TRUE, TRUE, TRUE, FALSE,4,8,0,0,0,Bio,3.446912,11.707406,,
245_11, (0;0);(3.8744;20.5615);(3.8744;20.5615);(13.4162;76.9284);(13.4162;76.9284);(22.9579;141.5587);(22.9579;141.5587);(42.804;282.4636),53.5,54,0,10.04975,0,0,COAL,4.63608,TRUE, TRUE, TRUE, FALSE,4,8,0,0,0,Geothermal,3.446912,11.707406,,
245_12, (0;0);(12.2297;144.543);(12.2297;144.543);(30.5743;379.7938);(30.5743;379.7938);(42.804;591.3373),50,50,0,0.10601,0,0,COAL,22.94,TRUE, TRUE, TRUE, FALSE,1,1,0,0,0,Geothermal,3.446912,11.707406,,
245_13, (0;0);(27.7482;142.4035);(27.7482;142.4035);(42.804;222.1956),45.5,450,0,7.643321,0,0,COAL,4.87433,TRUE, TRUE, TRUE, FALSE,4,8,0,0,0,Gas,3.446912,11.707406,,
245_14, (18.98;230.0376);(89.38;1083.2856),75,505,0,0.009541,0,0,COAL,2.29,TRUE, TRUE, TRUE, FALSE,6,6,0,0,0,Geothermal,3.446912,11.707406,,
245_1, (0;0);(240.624;1346.7725),90.8,91,0,0.937976,0,0,COAL,4.87433,TRUE, TRUE, TRUE, FALSE,2,2,0,0,0,Gas,3.446912,11.707406,,
246_1, (0;0);(58.5;434.889);(58.5;434.889);(117;902.07);(117;902.07);(175.5;1401.543);(175.5;1401.543);(234;1933.074);(234;1933.074);(292.5;2505.2625),500,2500,0,54.9047,0,0,COAL,1.31,TRUE, TRUE, TRUE, FALSE,48,140,0,0,0,Oil,3.446912,11.707406,,
246_3, (0;0);(161.6486;1619.3952);(161.6486;1619.3952);(292.5;3093.1875),508,5050,0,2.052354,0,0,COAL,4.95575,TRUE, TRUE, TRUE, FALSE,2,2,0,0,0,Oil,3.446912,11.707406,,
246_2, (0;0);(357;3613.554),5050,5050,0,17.70843,0,0,COAL,1.01,TRUE, TRUE, TRUE, FALSE,48,140,0,0,0,Gas,3.446912,11.707406,,
246_4, (0;0);(88.5012;795.4487);(88.5012;795.4487);(180.1504;1645.8541);(180.1504;1645.8541);(271.7996;2528.8237);(271.7996;2528.8237);(357;3381.861),152,152,0,12.7212,0,0,COAL,5.23258,TRUE, TRUE, TRUE, FALSE,8,12,0,0,0,Geothermal,3.446912,11.707406,,
254_1, (0;0);(1.05;4.3155),1502,1502,0,0,0,0,COAL,0,TRUE, TRUE, TRUE, FALSE,6,16,0,0,0,Bio,3.446912,11.707406,,
256_1, (0;0);(51.45;258.3819);(51.45;258.3819);(102.9;581.7966);(102.9;581.7966);(154.35;959.594),150,2500,0,33.9179,0,0,COAL,5.84808,TRUE, TRUE, TRUE, FALSE,6,8,0,0,0,Oil,3.446912,11.707406,,
256_2, (0;0);(273;2088.996),500,500,0,0.346017,0,0,COAL,5.47333,TRUE, TRUE, TRUE, FALSE,1,1,0,0,0,Oil,3.446912,11.707406,,
258_1, (653.105;2684.2616);(940.471;3865.3358),1502,1502,0,0,0,0,COAL,0,TRUE, TRUE, TRUE, FALSE,6,16,0,0,0,Oil,3.446912,11.707406,,
263_1, (332.5;3381.8575);(440.3;4478.2913);(440.3;4478.2913);(548.1;5781.9069);(548.1;5781.9069);(655.9;7166.3634);(655.9;7166.3634);(763.7;8632.1011);(763.7;8632.1011);(871.5;10212.237),500,500,0,3.895867,0,0,COAL,1.96,TRUE, TRUE, TRUE, FALSE,48,6,0,0,0,Geothermal,3.446912,11.707406,,
264_1, (0;0);(25.7143;256.4743);(25.7143;256.4743);(64.2857;715.95);(64.2857;715.95);(90;1132.83),150,1500,0,8.593276,0,0,COAL,5.155,TRUE, TRUE, TRUE, FALSE,2,2,0,0,0,Oil,3.446912,11.707406,,
264_2, (0;0);(39.375;247.3931);(39.375;247.3931);(56.25;381.8812);(56.25;381.8812);(73.125;533.8856);(73.125;533.8856);(90;703.26),52.5,52,0,12.46169,0,0,COAL,4.95575,TRUE, TRUE, TRUE, FALSE,4,8,0,0,0,Gas,3.446912,11.707406,,
268_1, (0;0);(0.21;1.1779);(0.21;1.1779);(0.42;2.4536);(0.42;2.4536);(0.63;3.8273);(0.63;3.8273);(0.84;5.2987);(0.84;5.2987);(1.05;6.8691),3750,505050,0,3.39232,0,0,COAL,5.68933,TRUE, TRUE, TRUE, FALSE,1,1,0,0,0,Gas,3.446912,11.707406,,
270_1, (0;0);(86.8636;779.8617);(86.8636;779.8617);(156.3545;1482.3974);(156.3545;1482.3974);(191.1;1970.0499),77.4,5050,0,1.356928,0,0,COAL,4.674417,TRUE, TRUE, TRUE, FALSE,2,2,0,0,0,Gas,3.446912,11.707406,,
278_1, (2.85;33.6842);(6.5357;77.2456);(6.5357;77.2456);(12.0643;149.8626);(12.0643;149.8626);(15.75;217.5862),50,150,0,1.868426,0,0,COAL,4.677,TRUE, TRUE, TRUE, FALSE,8,12,0,0,0,Gas,3.446912,11.707406,,
281_1, (0.95;8.5291);(57.6786;517.8382);(57.6786;517.8382);(142.7714;1353.6159);(142.7714;1353.6159);(199.5;2056.6455),50,50,0,1.091903,0,0,COAL,4.63608,TRUE, TRUE, TRUE, FALSE,2,2,0,0,0,Gas,3.446912,11.707406,,
287_1, (4.75;27.4503);(20.18;116.6202);(20.18;116.6202);(35.61;213.8024);(35.61;213.8024);(51.04;317.9792);(51.04;317.9792);(66.47;429.0639);(66.47;429.0639);(81.9;547.1739),500,500,0,10.91903,0,0,COAL,4.63608,TRUE, TRUE, TRUE, FALSE,8,8,0,0,0,Gas,3.446912,11.707406,,
291_1, (9.5;88.578);(95.1556;887.2308);(95.1556;887.2308);(180.8112;1748.4443);(180.8112;1748.4443);(266.4668;2668.665);(266.4668;2668.665);(352.1224;3648.3402);(352.1224;3648.3402);(437.778;4702.6113),75.2,505,0,6.809977,0,0,COAL,1.57,TRUE, TRUE, TRUE, FALSE,48,140,0,0,0,Gas,3.446912,11.707406,,
293_1, (9.5;92.473);(122.3235;1190.6966);(122.3235;1190.6966);(327.4495;3446.4058);(327.4495;3446.4058);(498.374;5889.2854);(498.374;5889.2854);(703.5;9017.463),94,94,0,1.214451,0,0,COAL,1.43,TRUE, TRUE, TRUE, FALSE,2,2,0,0,0,Gas,3.446912,11.707406,,
294_1, (0;0);(17.3451;166.3745);(17.3451;166.3745);(38.7881;392.8454);(38.7881;392.8454);(58.8;647.5644),80,500,0,0.030743,0,0,COAL,5.47333,TRUE, TRUE, TRUE, FALSE,2,2,0,0,0,Gas,3.446912,11.707406,,
296_1, (9.5;39.045);(782.25;3215.0475),50,50,0,0,0,0,COAL,0,TRUE, TRUE, TRUE, FALSE,6,16,0,0,0,Bio,3.446912,11.707406,,
327_1, (0.95;3.9045);(157.5;647.325),1502,1502,0,0,0,0,COAL,0,TRUE, TRUE, TRUE, FALSE,6,16,0,0,0,Bio,3.446912,11.707406,,
332_1, (0;0);(0.35;3.0639);(0.35;3.0639);(0.7;6.6962);(0.7;6.6962);(1.05;10.9378),758,50550,0,54.35292,0,0,COAL,1.96,TRUE, TRUE, TRUE, FALSE,48,140,0,0,0,Bio,3.446912,11.707406,,
332_2, (0;0);(1.05;12.726),75,505,0,0.005035,0,0,COAL,2.29,TRUE, TRUE, TRUE, FALSE,6,6,0,0,0,Bio,3.446912,11.707406,,
339_1, (9.5;37.544);(11.472;45.3373);(11.472;45.3373);(20.1488;86.0354);(20.1488;86.0354);(21.7264;99.7676);(21.7264;99.7676);(23.304;114.5159);(23.304;114.5159);(58.8;319.7544),50,5050,0,8.189272,0,0,COAL,4.87433,TRUE, TRUE, TRUE, FALSE,4,8,0,0,0,Bio,3.446912,11.707406,,
343_1, (9.5;53.2855);(25.6;143.5904);(25.6;143.5904);(41.7;243.6114);(41.7;243.6114);(57.8;351.135);(57.8;351.135);(73.9;466.1612);(73.9;466.1612);(90;588.78),3750,505050,0,5.325942,0,0,COAL,5.84808,TRUE, TRUE, TRUE, FALSE,1,1,0,0,0,Bio,3.446912,11.707406,,
350_1, (801.644;3294.7568);(1154.368;4744.4525),50,250,0,0,0,0,COAL,0,TRUE, TRUE, TRUE, FALSE,6,6,0,0,0,Gas,3.446912,11.707406,,
357_1, (4.75;57.57);(51.45;623.574),75,505,0,0.005831,0,0,COAL,0.54,TRUE, TRUE, TRUE, FALSE,6,6,0,0,0,Gas,3.446912,11.707406,,
367_1, (0.95;10.5421);(199.5;2213.8515),5050,5050,0,17.76516,0,0,COAL,2.46,TRUE, TRUE, TRUE, FALSE,48,140,0,0,0,Gas,3.446912,11.707406,,
368_1, (0;0);(6.714;91.4984);(6.714;91.4984);(18.8427;269.8846);(18.8427;269.8846);(31.5;501.7635),550.5,550,0,0.097476,0,0,COAL,2.93,TRUE, TRUE, TRUE, FALSE,8,6,0,0,0,Gas,3.446912,11.707406,,
368_2, (0;0);(19.8975;208.6452);(19.8975;208.6452);(31.5;349.083),80,500,0,0.327571,0,0,COAL,4.63608,TRUE, TRUE, TRUE, FALSE,1,1,0,0,0,Bio,3.446912,11.707406,,
371_1, (9.5;39.045);(90;369.9),50,250,0,0,0,0,COAL,0,TRUE, TRUE, TRUE, FALSE,6,16,0,0,0,Bio,3.446912,11.707406,,
391_1, (9.5;77.425);(32.6028;265.7131);(32.6028;265.7131);(55.7122;489.9328);(55.7122;489.9328);(78.75;743.5575),113,5050,0,9.034914,0,0,COAL,5.155,TRUE, TRUE, TRUE, FALSE,8,12,0,0,0,Gas,3.446912,11.707406,,
394_1, (9.5;48.3075);(163.3956;830.8666);(163.3956;830.8666);(317.2912;1650.8661);(317.2912;1650.8661);(471.1868;2507.6561);(471.1868;2507.6561);(625.0824;3401.0733);(625.0824;3401.0733);(778.978;4331.1177),350,5050,0,1.624921,0,0,COAL,5.155,TRUE, TRUE, TRUE, FALSE,2,2,0,0,0,Gas,3.446912,11.707406,,
399_1, (9.5;53.9315);(25.6;145.3312);(25.6;145.3312);(41.7;247.0725);(41.7;247.0725);(57.8;356.7994);(57.8;356.7994);(73.9;474.5119);(73.9;474.5119);(90;600.21),400,400,0,11.79255,0,0,COAL,5.47333,TRUE, TRUE, TRUE, FALSE,2,2,0,0,0,Gas,3.446912,11.707406,,
400_1, (9.5;72.694);(1162.412;8894.7766),500,500,0,0.118731,0,0,COAL,5.84808,TRUE, TRUE, TRUE, FALSE,1,1,0,0,0,Bio,3.446912,11.707406,,
405_1, (0.95;3.9045);(54.6;224.406),50,500,0,0,0,0,COAL,0,TRUE, TRUE, TRUE, FALSE,6,16,0,0,0,Gas,3.446912,11.707406,,
405_2, (0.95;7.2694);(54.6;417.7992),500,500,0,0.118731,0,0,COAL,5.84808,TRUE, TRUE, TRUE, FALSE,1,1,0,0,0,Gas,3.446912,11.707406,,
408_1, (0.95;7.4803);(157.5;1240.155),750,5050,0,0.030213,0,0,COAL,4.677,TRUE, TRUE, TRUE, FALSE,2,2,0,0,0,Bio,3.446912,11.707406,,
410_1, (0;0);(1.05;9.8637),500,500,0,4.285454,0,0,COAL,2.5,TRUE, TRUE, TRUE, FALSE,24,48,0,0,0,Gas,3.446912,11.707406,,
410_2, (0;0);(0.47727;2.499);(0.47727;2.499);(0.85909;4.554);(0.85909;4.554);(1.05;5.7698),500,500,0,6.005466,0,0,COAL,4.6775,TRUE, TRUE, TRUE, FALSE,1,1,0,0,0,Gas,3.446912,11.707406,,
412_1, (4.75;64.125);(51.45;694.575),75,505,0,0.126152,0,0,COAL,2.93,TRUE, TRUE, TRUE, FALSE,8,5,0,0,0,Gas,3.446912,11.707406,,
416_1, (9.5;72.694);(71.4;546.3528),500,500,0,0.118731,0,0,COAL,4.87433,TRUE, TRUE, TRUE, FALSE,1,1,0,0,0,Gas,3.446912,11.707406,,
419_1, (0;0);(288.75;3499.65),75,505,0,0.015901,0,0,COAL,2.29,TRUE, TRUE, TRUE, FALSE,6,6,0,0,0,Gas,3.446912,11.707406,,
419_2, (0;0);(525;4017.3),500,500,0,0.346017,0,0,COAL,5.47333,TRUE, TRUE, TRUE, FALSE,1,1,0,0,0,Gas,3.446912,11.707406,,
428_1, (0;0);(96.25;880.9763);(96.25;880.9763);(192.5;1844.535);(192.5;1844.535);(288.75;2881.1475),457.8,4550,0,91.60854,0,0,COAL,1.57,TRUE, TRUE, TRUE, FALSE,48,140,0,0,0,Gas,3.446912,11.707406,,
452_1, (0.95;8.5291);(82.9643;744.8534);(82.9643;744.8534);(205.9857;1952.9506);(205.9857;1952.9506);(288;2968.992),1500,1500,0,0.953242,0,0,COAL,4.87433,TRUE, TRUE, TRUE, FALSE,2,2,0,0,0,Others,3.446912,11.707406,,
455_2, (52.25;501.182);(53.8724;516.7442);(53.8724;516.7442);(55.8781;565.9337);(55.8781;565.9337);(57.75;636.0008),80,500,0,0.030743,0,0,COAL,5.47333,TRUE, TRUE, TRUE, FALSE,2,2,0,0,0,Geothermal,3.446912,11.707406,,
455_1, (0;0);(58.8;241.668),50.3,50,0,0,0,0,COAL,0,TRUE, TRUE, TRUE, FALSE,6,16,0,0,0,Geothermal,3.446912,11.707406,,
458_1, (0.95;3.9045);(126;517.86),50,500,0,0,0,0,COAL,0,TRUE, TRUE, TRUE, FALSE,6,6,0,0,0,Geothermal,3.446912,11.707406,,
473_1, (0.95;9.6064);(36.9692;373.8324);(36.9692;373.8324);(44.0693;454.5309);(44.0693;454.5309);(48.3374;515.8564);(48.3374;515.8564);(126;1385.748),75,505,0,0.017492,0,0,COAL,2.29,TRUE, TRUE, TRUE, FALSE,4,8,0,0,0,Geothermal,3.446912,11.707406,,
477_1, (0.95;8.455);(147.76;1315.064);(147.76;1315.064);(294.57;2718.8811);(294.57;2718.8811);(441.38;4219.5928);(441.38;4219.5928);(588.19;5817.1991);(588.19;5817.1991);(735;7535.955),80.22,500,0,23.37521,0,0,COAL,1.9,TRUE, TRUE, TRUE, FALSE,48,140,0,0,0,Geothermal,3.446912,11.707406,,
478_1, (0.95;9.8914);(57.6786;600.5493);(57.6786;600.5493);(142.7714;1592.187);(142.7714;1592.187);(199.5;2450.658),1500,1500,0,2.904462,0,0,COAL,4.677,TRUE, TRUE, TRUE, FALSE,2,2,0,0,0,Geothermal,3.446912,11.707406,,
479_1, (4.75;37.4015);(58.412;459.9361),750,5050,0,0.030213,0,0,COAL,4.677,TRUE, TRUE, TRUE, FALSE,2,2,0,0,0,Gas,3.446912,11.707406,,
482_1, (0.95;12.825);(824.1;11125.35),75,505,0,0.084808,0,0,COAL,2.93,TRUE, TRUE, TRUE, FALSE,8,5,0,0,0,Gas,3.446912,11.707406,,
489_1, (9.5;112.2805);(53.2746;629.6531);(53.2746;629.6531);(115.8099;1438.5901);(115.8099;1438.5901);(157.5;2175.8625),50,504,0,2.743009,0,0,COAL,5.155,TRUE, TRUE, TRUE, FALSE,8,12,0,0,0,Gas,3.446912,11.707406,,
502_1, (0.038;0.38068);(0.042974;0.43051);(0.042974;0.43051);(0.047;0.49702),508,5050,0,2.052354,0,0,COAL,4.95575,TRUE, TRUE, TRUE, FALSE,2,2,0,0,0,Gas,3.446912,11.707406,,
502_2, (0.379;1.5577);(0.506;2.0797),50,250,0,0,0,0,COAL,0,TRUE, TRUE, TRUE, FALSE,6,16,0,0,0,Gas,3.446912,11.707406,,
527_1, (0;0);(52.5;636.3),75,505,0,0.010601,0,0,COAL,0.54,TRUE, TRUE, TRUE, FALSE,6,6,0,0,0,Gas,3.446912,11.707406,,
529_1, (0.95;6.7412);(199.5;1415.652),1502,1502,0,22.52819,0,0,COAL,5.06525,TRUE, TRUE, TRUE, FALSE,4,8,0,0,0,Gas,3.446912,11.707406,,
532_1, (9.5;39.045);(1035.989;4257.9148),50,50,0,0,0,0,COAL,0,TRUE, TRUE, TRUE, FALSE,6,16,0,0,0,Gas,3.446912,11.707406,,
542_2, (4.75;27.2982);(17.6075;101.1903);(17.6075;101.1903);(30.465;189.1572);(30.465;189.1572);(43.3225;289.2643);(43.3225;289.2643);(56.18;401.4623),15050.2,15050,0,24.27852,0,0,COAL,5.155,TRUE, TRUE, TRUE, FALSE,4,8,0,0,0,Gas,3.446912,11.707406,,
542_1, (0;0);(13.2672;64.3727);(13.2672;64.3727);(28.6293;147.9276);(28.6293;147.9276);(41.8966;221.926);(41.8966;221.926);(60.75;335.826),502.8,5050,0,3.428575,0,0,COAL,4.63608,TRUE, TRUE, TRUE, FALSE,8,8,0,0,0,Gas,3.446912,11.707406,,
549_1, (9.5;95.6365);(44.1;443.9547),75,505,0,0.132512,0,0,COAL,2.93,TRUE, TRUE, TRUE, FALSE,4,8,0,0,0,Gas,3.446912,11.707406,,
550_1, (9.5;72.694);(157.5;1205.19),500,500,0,0.32227,0,0,COAL,5.68933,TRUE, TRUE, TRUE, FALSE,1,1,0,0,0,Gas,3.446912,11.707406,,
556_1, (52.25;339.0503);(57.75;374.7398),150.5,150,0,3.081923,0,0,COAL,5.47333,TRUE, TRUE, TRUE, FALSE,6,8,0,0,0,Gas,3.446912,11.707406,,
556_2, (0;0);(58.8;712.656),75,505,0,0.015901,0,0,COAL,2.29,TRUE, TRUE, TRUE, FALSE,6,6,0,0,0,Gas,3.446912,11.707406,,
562_1, (0;0);(78.0405;932.5845);(78.0405;932.5845);(156.0811;1977.5473);(156.0811;1977.5473);(234.1216;3105.8574);(234.1216;3105.8574);(288.75;4002.3638),50,50,0,2.075146,0,0,COAL,5.155,TRUE, TRUE, TRUE, FALSE,8,12,0,0,0,Gas,3.446912,11.707406,,
585_1, (0;0);(1.05;14.364),75,505,0,0.024382,0,0,COAL,2.29,TRUE, TRUE, TRUE, FALSE,8,5,0,0,0,Gas,3.446912,11.707406,,
586_7, (0;0);(66.252;802.9742),75,505,0,0.010071,0,0,COAL,2.29,TRUE, TRUE, TRUE, FALSE,6,6,0,0,0,Gas,3.446912,11.707406,,
586_6, (50.55;526.3266);(61.8214;643.6847);(61.8214;643.6847);(78.7286;877.981);(78.7286;877.981);(90;1105.56),1500,1500,0,2.511377,0,0,COAL,4.6775,TRUE, TRUE, TRUE, FALSE,2,2,0,0,0,Gas,3.446912,11.707406,,
586_13, (50.55;386.8086);(90;688.68),500,500,0,0.244247,0,0,COAL,4.677,TRUE, TRUE, TRUE, FALSE,1,1,0,0,0,Gas,3.446912,11.707406,,
586_8, (42.536;446.0325);(78.0324;818.2475);(78.0324;818.2475);(98.74;1094.2367),80,500,0,3.308466,0,0,COAL,5.47333,TRUE, TRUE, TRUE, FALSE,1,1,0,0,0,Gas,3.446912,11.707406,,
586_2, (48.81;591.5772);(99.156;1201.7707),75,505,0,0.006361,0,0,COAL,2.29,TRUE, TRUE, TRUE, FALSE,1,1,0,0,0,Gas,3.446912,11.707406,,
586_4, (50.55;282.9284);(101.63;568.8231),92,92,0,1.794537,0,0,COAL,4.87433,TRUE, TRUE, TRUE, FALSE,2,2,0,0,0,Bio,3.446912,11.707406,,
586_5, (0;0);(106.2;841.4226),500,500,0,0.044524,0,0,COAL,5.47333,TRUE, TRUE, TRUE, FALSE,3,5,0,0,0,Bio,3.446912,11.707406,,
586_12, (0;0);(21.24;120.5795);(21.24;120.5795);(42.48;251.694);(42.48;251.694);(63.72;393.3436);(63.72;393.3436);(84.96;545.5282);(84.96;545.5282);(106.2;708.2478),400,400,0,11.79255,0,0,COAL,5.47333,TRUE, TRUE, TRUE, FALSE,2,2,0,0,0,Gas,3.446912,11.707406,,
586_11, (50.11;397.0215);(114.987;911.042),500,500,0,0.044524,0,0,COAL,5.47333,TRUE, TRUE, TRUE, FALSE,3,5,0,0,0,Gas,3.446912,11.707406,,
586_1, (0;0);(36.1029;375.9029);(36.1029;375.9029);(90.2571;1006.5477);(90.2571;1006.5477);(126.36;1552.2062),1500,1500,0,2.904462,0,0,COAL,4.677,TRUE, TRUE, TRUE, FALSE,2,2,0,0,0,Gas,3.446912,11.707406,,
586_3, (0;0);(128.964;1517.9063),75,505,0,0.21202,0,0,COAL,2.93,TRUE, TRUE, TRUE, FALSE,8,8,0,0,0,Gas,3.446912,11.707406,,
586_9, (0;0);(130.26;1533.1602),75,505,0,0.079507,0,0,COAL,0.01,TRUE, TRUE, TRUE, FALSE,8,8,0,0,0,Gas,3.446912,11.707406,,
587_2, (73.218;751.8756);(83.9572;862.1564);(83.9572;862.1564);(94.6948;984.826);(94.6948;984.826);(105.434;1124.6645),298.92,299,0,61.47679,0,0,COAL,1.9,TRUE, TRUE, TRUE, FALSE,48,140,0,0,0,Gas,3.446912,11.707406,,
587_4, (73.218;560.2641);(105.434;806.781),500,500,0,0.1323,0,0,COAL,5.47333,TRUE, TRUE, TRUE, FALSE,1,1,0,0,0,Gas,3.446912,11.707406,,
587_6, (73.218;887.4022);(105.434;1277.8601),75,505,0,0.007421,0,0,COAL,2.29,TRUE, TRUE, TRUE, FALSE,6,6,0,0,0,Gas,3.446912,11.707406,,
587_8, (73.218;300.926);(105.434;433.3337),50,500,0,0,0,0,COAL,0,TRUE, TRUE, TRUE, FALSE,6,16,0,0,0,Gas,3.446912,11.707406,,
587_11, (73.218;762.3458);(82.4224;858.1824);(82.4224;858.1824);(96.2296;1073.1521);(96.2296;1073.1521);(105.434;1295.1513),80,500,0,2.615479,0,0,COAL,4.677,TRUE, TRUE, TRUE, FALSE,1,1,0,0,0,Gas,3.446912,11.707406,,
587_1, (83.578;756.2973);(101.9655;922.6858);(101.9655;922.6858);(120.353;1111.46),81,501,0,5.645033,0,0,COAL,4.96075,TRUE, TRUE, TRUE, FALSE,8,12,0,0,0,Gas,3.446912,11.707406,,
587_3, (83.578;426.9164);(90.933;464.4858);(90.933;464.4858);(98.288;514.2428);(98.288;514.2428);(105.643;565.8239);(105.643;565.8239);(112.998;619.229);(112.998;619.229);(120.353;674.4582),350,5050,0,1.692768,0,0,COAL,5.47333,TRUE, TRUE, TRUE, FALSE,2,2,0,0,0,Gas,3.446912,11.707406,,
587_5, (83.578;750.3633);(100.2939;900.4387);(100.2939;900.4387);(113.6666;1077.6734);(113.6666;1077.6734);(120.353;1240.7191),80,500,0,2.048961,0,0,COAL,5.178,TRUE, TRUE, TRUE, FALSE,2,2,0,0,0,Gas,3.446912,11.707406,,
587_7, (83.578;880.745);(100.8187;1062.4274);(100.8187;1062.4274);(109.3488;1214.2096);(109.3488;1214.2096);(117.879;1375.6479);(117.879;1375.6479);(120.353;1472.7597),48,450,0,0.032227,0,0,COAL,5.47333,TRUE, TRUE, TRUE, FALSE,3,12,0,0,0,Gas,3.446912,11.707406,,
587_9, (83.578;658.0932);(120.353;947.6595),750,5050,0,0.014841,0,0,COAL,5.47333,TRUE, TRUE, TRUE, FALSE,1,1,0,0,0,Gas,3.446912,11.707406,,
599_1, (0;0);(81.888;992.4826),75,505,0,0.006361,0,0,COAL,2.29,TRUE, TRUE, TRUE, FALSE,6,6,0,0,0,Gas,3.446912,11.707406,,
599_2, (4.75;19.5225);(103.95;427.2345),50,500,0,0,0,0,COAL,0,TRUE, TRUE, TRUE, FALSE,6,6,0,0,0,Gas,3.446912,11.707406,,
608_2, (71.012;637.5457);(85.2147;765.0578);(85.2147;765.0578);(96.5769;915.6457);(96.5769;915.6457);(102.258;1054.1777),1500,1500,0,0.861649,0,0,COAL,5.47333,TRUE, TRUE, TRUE, FALSE,2,2,0,0,0,Gas,3.446912,11.707406,,
608_1, (80.728;680.2141);(92.5683;779.9808);(92.5683;779.9808);(104.4087;921.5109);(104.4087;921.5109);(116.249;1071.6995),350,5050,0,25.60141,0,0,COAL,5.84808,TRUE, TRUE, TRUE, FALSE,8,12,0,0,0,Gas,3.446912,11.707406,,
609_1, (0.95;4.9742);(17.2227;90.1782);(17.2227;90.1782);(30.2409;160.3071);(30.2409;160.3071);(36.75;201.9413),500,500,0,6.005466,0,0,COAL,4.6775,TRUE, TRUE, TRUE, FALSE,1,1,0,0,0,Coal,3.446912,11.707406,,
610_1, (0.95;5.3931);(10.0578;57.0981);(10.0578;57.0981);(19.1656;113.5562);(19.1656;113.5562);(28.2734;174.5317);(28.2734;174.5317);(37.3812;240.0247);(37.3812;240.0247);(46.489;310.0351),350,5050,0,10.48227,0,0,COAL,4.63608,TRUE, TRUE, TRUE, FALSE,1,1,0,0,0,Geothermal,3.446912,11.707406,,
616_1, (0.95;7.2694);(45.688;349.6046),500,500,0,0.457963,0,0,COAL,5.178,TRUE, TRUE, TRUE, FALSE,1,1,0,0,0,Geothermal,3.446912,11.707406,,
627_1, (4.75;47.6045);(23.5058;235.5748);(23.5058;235.5748);(40.4025;426.4485);(40.4025;426.4485);(51.667;600.4739),72,502,0,5.843801,0,0,COAL,5.155,TRUE, TRUE, TRUE, FALSE,8,12,0,0,0,Gas,3.446912,11.707406,,
630_1, (42.75;175.7025);(47.25;194.1975),50,250,0,0,0,0,COAL,0,TRUE, TRUE, TRUE, FALSE,6,16,0,0,0,Gas,3.446912,11.707406,,
637_1, (25.083;278.0451);(60.562;671.3303);(60.562;671.3303);(88.9273;1055.8336);(88.9273;1055.8336);(131.25;1716.6188),500,500,0,0.069437,0,0,COAL,2.93,TRUE, TRUE, TRUE, FALSE,4,8,0,0,0,Gas,3.446912,11.707406,,
640_1, (39.35;531.225);(56.664;764.964),75,505,0,0.053005,0,0,COAL,2.93,TRUE, TRUE, TRUE, FALSE,8,5,0,0,0,Gas,3.446912,11.707406,,
674_1, (0;0);(0.34964;3.1475);(0.34964;3.1475);(0.69938;6.3707);(0.69938;6.3707);(1.05;9.6212),228,2250,0,47.2847,0,0,COAL,2.3,TRUE, TRUE, TRUE, FALSE,48,140,0,0,0,Gas,3.446912,11.707406,,
675_7, (0;0);(66.252;802.9742),75,505,0,0.381636,0,0,COAL,2.29,TRUE, TRUE, TRUE, FALSE,8,8,0,0,0,Gas,3.446912,11.707406,,
675_6, (50.55;207.7605);(90;369.9),50,500,0,0,0,0,COAL,0,TRUE, TRUE, TRUE, FALSE,6,16,0,0,0,Gas,3.446912,11.707406,,
675_13, (50.55;537.0938);(90;956.25),503,5050,0,32.25778,0,0,COAL,1.9,TRUE, TRUE, TRUE, FALSE,48,140,0,0,0,Gas,3.446912,11.707406,,
675_8, (42.536;367.1282);(92.0335;794.3413);(92.0335;794.3413);(98.74;862.0002),150,150,0,5.988813,0,0,COAL,5.47333,TRUE, TRUE, TRUE, FALSE,4,8,0,0,0,Gas,3.446912,11.707406,,
675_2, (48.81;200.6091);(99.156;407.5312),50,150,0,0,0,0,COAL,0,TRUE, TRUE, TRUE, FALSE,6,6,0,0,0,Gas,3.446912,11.707406,,
675_4, (50.55;283.1811);(58.9678;330.3375);(58.9678;330.3375);(67.3334;394.1699);(67.3334;394.1699);(84.1169;519.5057);(84.1169;519.5057);(101.63;669.4368),500,500,0,0.044524,0,0,COAL,4.677,TRUE, TRUE, TRUE, FALSE,2,3,0,0,0,Gas,3.446912,11.707406,,
675_5, (0;0);(30.3429;302.6397);(30.3429;302.6397);(75.8571;844.821);(75.8571;844.821);(106.2;1336.7394),150,150,0,1.978147,0,0,COAL,22.94,TRUE, TRUE, TRUE, FALSE,1,1,0,0,0,Gas,3.446912,11.707406,,
675_12, (0;0);(106.2;997.6428),500,500,0,4.285454,0,0,COAL,2.5,TRUE, TRUE, TRUE, FALSE,24,48,0,0,0,Gas,3.446912,11.707406,,
675_11, (50.11;280.4657);(114.987;643.5822),150,15050,0,1.875953,0,0,COAL,4.87433,TRUE, TRUE, TRUE, FALSE,2,2,0,0,0,Gas,3.446912,11.707406,,
675_1, (0;0);(31.59;225.3315);(31.59;225.3315);(63.18;486.8651);(63.18;486.8651);(94.77;785.4538);(94.77;785.4538);(126.36;1120.6868),150,150,0,1.747045,0,0,COAL,5.47333,TRUE, TRUE, TRUE, FALSE,4,8,0,0,0,Gas,3.446912,11.707406,,
675_3, (0;0);(128.964;1370.2425),503,5050,0,32.25778,0,0,COAL,1.9,TRUE, TRUE, TRUE, FALSE,48,140,0,0,0,Gas,3.446912,11.707406,,
675_9, (0;0);(26.052;120.9334);(26.052;120.9334);(52.104;243.0131);(52.104;243.0131);(78.156;366.239);(78.156;366.239);(104.208;490.7155);(104.208;490.7155);(130.26;616.2601),72,502,0,0.37994,0,0,COAL,5.84808,TRUE, TRUE, TRUE, FALSE,2,2,0,0,0,Gas,3.446912,11.707406,,
676_2, (73.218;300.926);(105.434;433.3337),50,500,0,0,0,0,COAL,0,TRUE, TRUE, TRUE, FALSE,6,16,0,0,0,Gas,3.446912,11.707406,,
676_4, (73.218;477.4546);(83.9567;547.4814);(83.9567;547.4814);(94.6953;684.2685);(94.6953;684.2685);(105.434;864.6642),500,500,0,0.044524,0,0,COAL,5.200917,TRUE, TRUE, TRUE, FALSE,3,5,0,0,0,Gas,3.446912,11.707406,,
676_6, (73.218;759.5635);(83.9573;870.9735);(83.9573;870.9735);(94.6947;1015.8843);(94.6947;1015.8843);(105.434;1165.7837),501.5,502,0,36.73246,0,0,COAL,1.57,TRUE, TRUE, TRUE, FALSE,48,140,0,0,0,Gas,3.446912,11.707406,,
676_8, (73.218;887.4022);(105.434;1277.8601),75,505,0,0.053005,0,0,COAL,0.01,TRUE, TRUE, TRUE, FALSE,8,8,0,0,0,Gas,3.446912,11.707406,,
676_11, (73.218;372.3135);(79.6612;405.0772);(79.6612;405.0772);(86.1044;448.0012);(86.1044;448.0012);(92.5476;492.5383);(92.5476;492.5383);(98.9908;538.6089);(98.9908;538.6089);(105.434;586.213),350,5050,0,1.624921,0,0,COAL,5.155,TRUE, TRUE, TRUE, FALSE,2,2,0,0,0,Gas,3.446912,11.707406,,
676_1, (83.578;474.4723);(90.933;516.2266);(90.933;516.2266);(98.288;582.3564);(98.288;582.3564);(105.643;652.1342);(105.643;652.1342);(112.998;725.5602);(112.998;725.5602);(120.353;802.6342),350,5050,0,11.60693,0,0,COAL,5.84808,TRUE, TRUE, TRUE, FALSE,2,2,0,0,0,Gas,3.446912,11.707406,,
676_3, (83.578;639.5389);(120.353;920.9412),500,500,0,0.096999,0,0,COAL,4.818417,TRUE, TRUE, TRUE, FALSE,1,1,0,0,0,Gas,3.446912,11.707406,,
676_5, (83.578;987.8084);(94.0851;1111.9923);(94.0851;1111.9923);(109.8459;1364.5052);(109.8459;1364.5052);(120.353;1662.6767),50,50,0,0.063606,0,0,COAL,22.94,TRUE, TRUE, TRUE, FALSE,8,12,0,0,0,Gas,3.446912,11.707406,,
676_7, (83.578;1012.9654);(120.353;1458.6784),75,505,0,0.015901,0,0,COAL,2.29,TRUE, TRUE, TRUE, FALSE,6,6,0,0,0,Coal,3.446912,11.707406,,
676_9, (83.578;658.0932);(120.353;947.6595),750,5050,0,0.014841,0,0,COAL,5.47333,TRUE, TRUE, TRUE, FALSE,1,1,0,0,0,Coal,3.446912,11.707406,,
688_1, (0;0);(0.21;1.1445);(0.21;1.1445);(0.42;2.3722);(0.42;2.3722);(0.63;3.6836);(0.63;3.6836);(0.84;5.0778);(0.84;5.0778);(1.05;6.5552),500,500,0,9.717937,0,0,COAL,4.63608,TRUE, TRUE, TRUE, FALSE,8,8,0,0,0,Gas,3.446912,11.707406,,
689_7, (0;0);(66.252;272.2957),50,500,0,0,0,0,COAL,0,TRUE, TRUE, TRUE, FALSE,6,16,0,0,0,Gas,3.446912,11.707406,,
689_6, (50.55;453.3324);(63.7;571.2616);(63.7;571.2616);(76.85;732.0731);(76.85;732.0731);(90;909.9),350,5050,0,26.476,0,0,COAL,5.84808,TRUE, TRUE, TRUE, FALSE,8,12,0,0,0,Gas,3.446912,11.707406,,
689_13, (50.55;612.666);(90;1090.8),75,505,0,0.006626,0,0,COAL,2.29,TRUE, TRUE, TRUE, FALSE,6,6,0,0,0,Gas,3.446912,11.707406,,
689_8, (42.536;580.0634);(56.9469;776.585);(56.9469;776.585);(69.3404;986.5751);(69.3404;986.5751);(98.74;1478.9277),75,505,0,0.206243,0,0,COAL,0,TRUE, TRUE, TRUE, FALSE,4,8,0,0,0,Gas,3.446912,11.707406,,
689_2, (48.81;273.1896);(99.156;554.9761),1500,1500,0,1.037371,0,0,COAL,5.84808,TRUE, TRUE, TRUE, FALSE,1,1,0,0,0,Gas,3.446912,11.707406,,
689_4, (50.55;414.6616);(60.766;498.4635);(60.766;498.4635);(70.982;603.8439);(70.982;603.8439);(81.198;715.4356);(81.198;715.4356);(91.414;833.2386);(91.414;833.2386);(101.63;960.4035),332.1,50502,0,67.34285,0,0,COAL,1.01,TRUE, TRUE, TRUE, FALSE,48,140,0,0,0,Gas,3.446912,11.707406,,
689_5, (0;0);(35.4036;198.9681);(35.4036;198.9681);(70.7964;439.9998);(70.7964;439.9998);(106.2;720.036),150,150,0,25.24999,0,0,COAL,4.818417,TRUE, TRUE, TRUE, FALSE,4,8,0,0,0,Gas,3.446912,11.707406,,
689_12, (0;0);(67.0669;703.2636);(67.0669;703.2636);(106.2;1176.9084),80,500,0,0.655142,0,0,COAL,4.63608,TRUE, TRUE, TRUE, FALSE,1,1,0,0,0,Gas,3.446912,11.707406,,
689_11, (50.11;607.3332);(114.987;1393.6424),75,505,0,0.005301,0,0,COAL,2.29,TRUE, TRUE, TRUE, FALSE,6,6,0,0,0,Gas,3.446912,11.707406,,
689_1, (0;0);(25.272;135.7865);(25.272;135.7865);(50.544;287.5448);(50.544;287.5448);(75.816;455.1993);(75.816;455.1993);(101.088;638.8762);(101.088;638.8762);(126.36;838.525),350,5050,0,3.39232,0,0,COAL,4.677,TRUE, TRUE, TRUE, FALSE,2,2,0,0,0,Gas,3.446912,11.707406,,
689_3, (0;0);(25.7928;198.5272);(25.7928;198.5272);(51.5856;411.8078);(51.5856;411.8078);(77.3784;639.7646);(77.3784;639.7646);(103.1712;882.5264);(103.1712;882.5264);(128.964;1143.6528),2250.8,2250,0,45.41468,0,0,COAL,1.31,TRUE, TRUE, TRUE, FALSE,48,140,0,0,0,Bio,3.446912,11.707406,,
689_9, (0;0);(130.26;1578.7512),75,505,0,0.008481,0,0,COAL,2.29,TRUE, TRUE, TRUE, FALSE,8,8,0,0,0,Gas,3.446912,11.707406,,
690_2, (73.218;323.5503);(74.7068;330.1294);(74.7068;330.1294);(75.9888;348.8647);(75.9888;348.8647);(77.2708;379.5544);(77.2708;379.5544);(84.3013;441.1487);(84.3013;441.1487);(105.434;585.5804),150,150,0,8.516844,0,0,COAL,4.87433,TRUE, TRUE, TRUE, FALSE,2,8,0,0,0,Bio,3.446912,11.707406,,
690_4, (73.218;0);(105.434;0),2509,2509,0,163.6274,0,0,COAL,0.89,TRUE, TRUE, TRUE, FALSE,140,140,0,0,0,Gas,3.446912,11.707406,,
690_6, (73.218;704.7965);(74.1273;713.5496);(74.1273;713.5496);(84.2598;816.0559);(84.2598;816.0559);(92.9633;907.7865);(92.9633;907.7865);(105.434;1046.4325),150,150,0,2.083648,0,0,COAL,5.68933,TRUE, TRUE, TRUE, FALSE,8,8,0,0,0,Gas,3.446912,11.707406,,
690_8, (73.218;662.9158);(87.8616;795.4993);(87.8616;795.4993);(99.5765;952.0514);(99.5765;952.0514);(105.434;1096.0919),84,504,0,2.052354,0,0,COAL,5.155,TRUE, TRUE, TRUE, FALSE,2,2,0,0,0,Gas,3.446912,11.707406,,
690_11, (73.218;682.6846);(79.6612;742.761);(79.6612;742.761);(86.1044;832.6295);(86.1044;832.6295);(92.5476;926.8642);(92.5476;926.8642);(98.9908;1025.6437);(98.9908;1025.6437);(105.434;1132.572),50,50,0,3.390963,0,0,COAL,0.88,TRUE, TRUE, TRUE, FALSE,48,140,0,0,0,Gas,3.446912,11.707406,,
690_1, (83.578;1012.9654);(120.353;1458.6784),75,505,0,0.007421,0,0,COAL,2.29,TRUE, TRUE, TRUE, FALSE,6,6,0,0,0,Gas,3.446912,11.707406,,
690_3, (83.578;467.7861);(120.353;673.6157),77.5,5050,0,1.187312,0,0,COAL,5.84808,TRUE, TRUE, TRUE, FALSE,2,2,0,0,0,Gas,3.446912,11.707406,,
690_5, (83.578;1012.9654);(120.353;1458.6784),75,505,0,0.023852,0,0,COAL,2.93,TRUE, TRUE, TRUE, FALSE,8,8,0,0,0,Bio,3.446912,11.707406,,
690_7, (83.578;1012.9654);(120.353;1458.6784),75,505,0,0.006361,0,0,COAL,2.87,TRUE, TRUE, TRUE, FALSE,1,1,0,0,0,Gas,3.446912,11.707406,,
690_9, (83.578;343.5056);(120.353;494.6508),50.5,50,0,0,0,0,COAL,0,TRUE, TRUE, TRUE, FALSE,6,16,0,0,0,Gas,3.446912,11.707406,,
702_1, (0;0);(1.05;12.726),75,505,0,0.00424,0,0,COAL,0.54,TRUE, TRUE, TRUE, FALSE,6,6,0,0,0,Gas,3.446912,11.707406,,
703_7, (0;0);(66.252;728.772),2150.8,5050,0,134.1027,0,0,COAL,0.89,TRUE, TRUE, TRUE, FALSE,140,140,0,0,0,Bio,3.446912,11.707406,,
703_6, (50.55;207.7605);(90;369.9),1502,1502,0,0,0,0,COAL,0,TRUE, TRUE, TRUE, FALSE,6,16,0,0,0,Gas,3.446912,11.707406,,
703_13, (50.55;286.9723);(58.44;331.7639);(58.44;331.7639);(66.33;393.0052);(66.33;393.0052);(74.22;458.1601);(74.22;458.1601);(82.11;527.2283);(82.11;527.2283);(90;600.21),350,5050,0,11.60693,0,0,COAL,5.84808,TRUE, TRUE, TRUE, FALSE,2,2,0,0,0,Bio,3.446912,11.707406,,
703_8, (42.536;380.9524);(61.2868;548.8844);(61.2868;548.8844);(80.0332;726.6212);(80.0332;726.6212);(98.74;907.8156),758,50550,0,50.08973,0,0,COAL,2.3,TRUE, TRUE, TRUE, FALSE,48,140,0,0,0,Bio,3.446912,11.707406,,
703_2, (48.81;576.8854);(63.1946;746.8966);(63.1946;746.8966);(84.7714;1053.0307);(84.7714;1053.0307);(99.156;1369.8401),50,150,0,1.494741,0,0,COAL,4.677,TRUE, TRUE, TRUE, FALSE,8,12,0,0,0,Gas,3.446912,11.707406,,
703_4, (50.55;298.7505);(60.766;359.1271);(60.766;359.1271);(70.982;431.4286);(70.982;431.4286);(81.198;507.1627);(81.198;507.1627);(91.414;586.4208);(91.414;586.4208);(101.63;669.0303),240,240,0,2.371232,0,0,COAL,5.47333,TRUE, TRUE, TRUE, FALSE,2,2,0,0,0,Gas,3.446912,11.707406,,
703_5, (0;0);(21.24;118.4342);(21.24;118.4342);(42.48;248.3806);(42.48;248.3806);(63.72;389.7752);(63.72;389.7752);(84.96;542.7245);(84.96;542.7245);(106.2;707.0796),350,5050,0,3.39232,0,0,COAL,4.63608,TRUE, TRUE, TRUE, FALSE,1,1,0,0,0,Gas,3.446912,11.707406,,
703_12, (0;0);(106.2;570.294),43.5,44,0,8.37479,0,0,COAL,5.47333,TRUE, TRUE, TRUE, FALSE,8,12,0,0,0,Gas,3.446912,11.707406,,
703_11, (50.11;453.6959);(79.5995;720.6943);(79.5995;720.6943);(103.1912;986.6109);(103.1912;986.6109);(114.987;1195.4049),84,504,0,2.052354,0,0,COAL,5.155,TRUE, TRUE, TRUE, FALSE,2,2,0,0,0,Gas,3.446912,11.707406,,
703_1, (0;0);(126.36;966.9067),500,500,0,0.244247,0,0,COAL,4.677,TRUE, TRUE, TRUE, FALSE,1,1,0,0,0,Gas,3.446912,11.707406,,
703_3, (0;0);(128.964;1431.1135),5050,5050,0,17.76516,0,0,COAL,2.46,TRUE, TRUE, TRUE, FALSE,48,140,0,0,0,Gas,3.446912,11.707406,,
703_9, (0;0);(26.052;207.6865);(26.052;207.6865);(52.104;430.7438);(52.104;430.7438);(78.156;669.2498);(78.156;669.2498);(104.208;923.1787);(104.208;923.1787);(130.26;1196.3078),244,244,0,48.30876,0,0,COAL,1.31,TRUE, TRUE, TRUE, FALSE,48,140,0,0,0,Gas,3.446912,11.707406,,
704_2, (73.218;372.3135);(79.6612;405.0772);(79.6612;405.0772);(86.1044;448.0012);(86.1044;448.0012);(92.5476;492.5383);(92.5476;492.5383);(98.9908;538.6089);(98.9908;538.6089);(105.434;586.213),350,5050,0,1.624921,0,0,COAL,5.155,TRUE, TRUE, TRUE, FALSE,2,2,0,0,0,Gas,3.446912,11.707406,,
704_4, (73.218;300.926);(105.434;433.3337),50,50,0,0,0,0,COAL,0,TRUE, TRUE, TRUE, FALSE,6,16,0,0,0,Gas,3.446912,11.707406,,
704_6, (73.218;745.286);(82.4226;838.9794);(82.4226;838.9794);(96.2294;1059.1011);(96.2294;1059.1011);(105.434;1357.9899),80,500,0,1.692768,0,0,COAL,5.47333,TRUE, TRUE, TRUE, FALSE,2,2,0,0,0,Gas,3.446912,11.707406,,
704_8, (73.218;867.9994);(105.434;1249.9201),75,505,0,0.008481,0,0,COAL,2.29,TRUE, TRUE, TRUE, FALSE,8,5,0,0,0,Gas,3.446912,11.707406,,
704_11, (73.218;300.926);(105.434;433.3337),50,250,0,0,0,0,COAL,0,TRUE, TRUE, TRUE, FALSE,6,16,0,0,0,Gas,3.446912,11.707406,,
704_1, (83.578;343.5056);(120.353;494.6508),50,250,0,0,0,0,COAL,0,TRUE, TRUE, TRUE, FALSE,6,16,0,0,0,Nuclear,3.446912,11.707406,,
704_3, (83.578;876.3989);(106.802;1119.9255);(106.802;1119.9255);(120.353;1333.7519),80,500,0,0.327571,0,0,COAL,4.63608,TRUE, TRUE, TRUE, FALSE,1,1,0,0,0,Nuclear,3.446912,11.707406,,
704_5, (83.578;440.3725);(90.933;479.126);(90.933;479.126);(98.288;540.4857);(98.288;540.4857);(105.643;605.2287);(105.643;605.2287);(112.998;673.4681);(112.998;673.4681);(120.353;744.9851),350,5050,0,11.81439,0,0,COAL,5.84808,TRUE, TRUE, TRUE, FALSE,2,2,0,0,0,Gas,3.446912,11.707406,,
704_7, (83.578;469.7084);(95.2819;535.4845);(95.2819;535.4845);(106.9859;664.9172);(106.9859;664.9172);(118.6898;804.7169);(118.6898;804.7169);(120.353;1155.2684),385.2,50505,0,54.80463,0,0,COAL,4.93508,TRUE, TRUE, TRUE, FALSE,4,8,0,0,0,Gas,3.446912,11.707406,,
704_9, (83.578;343.5056);(120.353;494.6508),50,250,0,0,0,0,COAL,0,TRUE, TRUE, TRUE, FALSE,6,16,0,0,0,Gas,3.446912,11.707406,,